#,Yr,Title,Dir.,Notes,Completed
,2025,The Long Walk,,With Calen at Cinemark,9.16.25
,,Friendship,,With Morgan in bed,9.7.25
,,Mississippi Burning,,,
,,Working Girls,,,8.13.25
,,The Last Emperor,,Randomly. ,8.1.25
,,A Room With a View,,,7.29.25
,,Prizzi's Honor,,Randomly in the evening while morgan was gone,7.28.25
,1984,Places in the Heart,,Randomly in the evening while morgan was gone,7.27.25
,2025,Fantastic Four,,,
,1983,Tender Mercies,,Randomly while morgan is in Omaha,7.25.25
,1981,On Golden Pond,,,7.25.25
,1981,Hannah and her Sisters,Woody Allen,Randomly,7.25.25
,1987,Moonstruck,,Randomly,7.23.25
,2025,Superman,,With Calen at Cinemark,
,,Shakespeare in Love,,Randomly,7.19.25
,,Kiss of the Spider Woman,,Randomly,7.17.25
,2025,Jurassic World: Rebirth,,With Calen at Cinemark Late,7.15.25
,,A Soldier's Story,,Randomly,7.10.25
,,Witness,,Randomly,7.15.25
,,The Hours,,,
,2024,Nickel Boys,,Randomly throughout a few days,7.8.25
,,The Godfather Coda,,Randomly throughout a few days,7.5.25
,,The Godfather Part II,Francis Copolla,Randomly throughout a few days,7.2.25
,,The Killing Fields,,At the Shop,6.27.25
,,Broadcast News,,With Morgan in bed,6.26.25
,2021,West Side Story,Steven Spielberg,At the Shop,6.26.25
,2025,F1,Joseph Kosinkski,With Calen at Cinemark,6.25.25
,,Driving Miss Daisy,,At the Shop,6.24.25
,,Mountainhead,,At the shop,5.29.25
,2025,How to Train Your Dragon,,"With Morgan, Liam, Elodi, and Elander at Cinemark",6.22.25
,,Fatal Attraction,,Randomly throughout a few days,6.21.25
,,Bring Her Back,Phillipou Brothers,At Alamo Drafthouse with Morgan,6.20.25
769,1996,Fargo,,Washing glasses at the shop,6.19.25
768,,LA Confidential,,Mostly at the shop,6.13.25
767,,Shine,,With Morgan in bed,6.12.25
766,1990,Predator 2,,On the exercise Bike in the garage,6.12.25
765,,Quiz Show,,With Morgan,
764,2025,Thunderbolts,,With Calen and Kristine at AMC,
763,,Lake Mungo,,With morgan,
762,2024,Prey,,On my computer randomly and on the exercise bike,
761,2025,Mission Impossible: The Final Reckoning,,With Calen at Cinemark,
760,,A Complete Unknown,,,
759,,My OId Ass,,,
758,,A Minecraft Movie,,With Elodi and Liam at Cinemark,
757,,Death of a Unicorn,,With Calen at AMC,
756,,Kraven the Hunter,,At the shop,
755,,The Return,,Random,
754,,Sinners,,With Calen at AMC,
753,,Companion,,With Calen at AMC,
752,,The Apprentice,,At home by myself,
751,,Emelia Perez,,At home by myself,
750,,Conclave,,At home by myself,
749,,Anora,,At home by myself,
748,,The Gorge,,With Morgan,
747,,The Dead Don't Die,,,
746,,Deep Calm,,,
745,,Nosferatu,,,
744,,Logan Lucky,,At the shop working,
743,,The Killing of Two Lovers,,"Amazing, Brian recommendation",
742,,You Won't Be Alone,,"Fucking love it. Watched it twice, once at the shop at night and once with Morgan. ",
741,,Afternoon Delight,,With Morgan,
740,,Gladiator II,,With Calen and Liam at AMC Imax,
739,2024,Heretic,,With Morgan and Calen at Cinemark in the snow,
738,,It Comes At Night,,With Morgan in Bed,
737,2024,Trap,,With Calen in basement,
736,,Disobedience,,Home alone,
735,2024,The Substance,,Home alone in the basement,
734,,Invasion of the Body Snatchers,,with Morgan,
733,2024,Wolfs,,At home cleaning,
732,2024,Transformers One,,With Liam at Regal,
731,,Smile,,With Calen in the basement,
730,2024,Megalopolis,,With Calen,
729,,Love Lies Bleeding,,With Morgan in Estes Park,
728,2024,Deadpool & Wolverine,,With Calen at Regal,
727,2024,Alien: Romulus,,With Calen at Cinemark,
726,2024,Beetlejuice Beetlejuice,,Calen & Kristine & Morgan at Regal,
725,,Talk To Me,,With morgan on the couch,
724,,The Marvels,,At home cleaning,
723,,Ant Man: Quantumania,,Washing glassware at the shop,
722,2024,Twisters,,With Rhomes & Morgan,
721,2024,"Horizon: An American Saga, Part 1",,Marathon with Calen,
720,2024,Longlegs,,Marathon with Calen,
719,2024,Fly Me to the Moon,,Marathon with Calen,
718,2024,Kinds of Kindness,,Theater with Calen,
717,,The Unbearable Weight of Massive Talent,,With Morgan at night,
716,,Inside Out 2,,At the theater with the kiddos,
715,2024,The Bikeriders,,At regal with Calen,
714,2024,Furiosa: A Mad Max Saga,,At Regal with Liam,
713,,Mad Max: The Road Warrior,,At home with Liam,
712,,The Zone of Interest,,,
711,,Milk,,,
710,,Fall Guy,,At Regal with Calen,
709,,Michael Clayton,,Watching the nuggets beat the lakers in the background,
708,,Fences,,,
707,,Little Women,,,
706,,The Queen,,,
705,,Licorice Pizza,,Mostly while I did dishes,
704,,Civil War,,At the Regal theater with Calen and Morgan,
703,,Selma,,,
702,,King Richard,,At night in bed while morgan basically took 2 hours to drop of elodi wtf,
701,,Drive My Car,,Doing dishes ,
700,,BlacKKKlansman,,,
699,,The Green Book,,,
698,,Sound of Metal,,,
697,,American Fiction,,With Morgan,
696,,Belfast,,Dishes Etc,
695,,Race to the Summit,,Living Room,
694,,Monkey Man,,At Regal with Calen,
693,,Women Talking,,Dishes Etc,
692,,Damsel,,Gym,
691,,Maestro,,Dishes Etc,
690,,Lady Bird,,With Morgan,
689,,20 Days in Mariupol,,,
688,,Dune: Part 2,,,
687,,The Eternal Memory,,,
686,,Dream Scenario,,,
685,,Tár,,,
684,,White Noise,,,
683,,X,,,
682,,Triangle of Sadness,,,
681,,The Fabelmans,,,
680,,The Whale,,While folding laundry,
679,,The Killing of a Sacred Deer,,,
678,,The Banshees of Inisherin,,,
677,,Dark City,,,
676,,Beau Is Afraid,,At home while morgan is at Mardi Gras,
675,,The Wonderful Story of Henry Sugar,,,
674,,Nyad,,,
673,,Killers of the Flower Moon,,,
672,,December May,,,
671,,Poor Things,,At Cinemark with Calen,
670,,Society of the Snow,,With Liam in the living room after the AFC championship,
669,,Anatomy of a Fall,,With Morgan in bed,
668,,The Holdovers,,With Morgan in bed,
667,,Past Lives,,With Morgan in bed,
666,,Reality,,,
665,,Rebel Moon Part 1,,,
664,,Blue Beetle,,,
663,,Leave the World Behind,,,
662,,The Iron Claw,,,
661,,Wonka,,With the kids at Cinemark,
660,,Swan Song,,,
659,,The Alpinist,,,
658,,Significant Other,,,
657,,The Christmas Chronicles 2,,,
656,,The Greatest Beer Run Ever,,,
655,,The Book of Boba Fett,,,
654,,Palmer,,,
653,,Seaspiracy,,,
652,,The Undoing,,,
651,,The Call of the Wild,,,
650,,Thunder Force,,,
649,,Troll,,,
648,,Stowaway,,,
647,,The Stranger,,,
646,,Jackass 4.5,,,
645,,Finch,,,
644,,Greyhound,,,
643,,Dolittle,,,
642,,Greenland,,,
641,,News of the World,,,
640,,The Witches,,,
639,,Cherry,,,
638,,Ghosted,,,
637,,The Last Dance,,,
636,,The Dig,,,
635,,The invitation,,,
634,,The tinder Swindler,,,
633,,Strange World,,,
632,,My Octopus Teacher,,,
631,,Moonfall,,,
630,,She Hulk,,,
629,,Tiger King,,,
628,,Haunted Mansion,,,
627,,The Tomorrow War,,,
626,,Gran turismo,,,
625,,EuroVision: The Story of Fire Saga,,,
624,,Euphoria,,,
623,,The Bad Guys,,,
622,,Matilda: The Musical,,,
621,,Sing 2,,,
620,,65,,Theaters with Calen,
619,,Tetris,,,
618,,The Social dilemma,,,
617,,Hocus Pocus 2,,,
616,,The Pale Blue Eye,,At the gym,
615,,Space Jam: A New Legacy,,,
614,,Obi Wan Kenobi,,,
613,,Jungle Cruise,,,
612,2020,Mulan,,,
611,,The Woman King,,,
610,2021,Mortal Kombat,,with Josh,
609,,Jackass Forever,,,
608,,Army of the Dead,,,
607,,Hawkeye,,,
606,,Lamb,,,
605,,Godzilla Minus one,,Cinemark with Calen,
604,,Red Notice,,At shop,
603,,Amsterdam,,Theaters with Morgan,
602,,Beef,,,
601,,Renfield,,Cinemark with Calen,
600,,The Falcon & Winter Soldier,,,
599,,The Adam Project,,in Utah with Kiddos,
598,,The Creator,,Cinemark with Calen,
597,,Moonknight,,,
596,,Death on the Nile,,,
595,,Lightyear,,,
594,,The Gray Man,,,
593,,Borat: Subsequent Moviefilm,,,
592,,Black Adam,,In theater,
591,,Pig,,With Morgan in living room,
590,,Jurassic World Dominion,,,
589,,Raya and the Last Dragon,,,
588,,Napoleon,,At cinemark with Calen,
587,,Uncharted,,,
586,,Godzilla VS Kong,,At home,
585,,Knock at the Cabin,,At cinemark with Calen,
584,,Loki,,,
583,,Wonder Woman 1984,,At home,
582,,CODA,,,
581,,Indiana Jones and the Dial of Destiny,,At theater with Calen,
580,,Teenage Mutant Ninja Turtles: Mutant Mayhem,,At home for Elanders Birthday,
579,,Nightmare Alley,,With Morgan,
578,,Zach Snyders Justice League,,,
577,,The Mitchells Vs The Machines,,,
576,,Nobody,,At the gym,
575,,Venom: Let There Be Carnage,,At home,
574,,Bo Burnham: Inside,,At home during Covid,
573,,Wanda Vision,,,
572,,Cocaine Bear,,At theater with Todd in Arizona,
571,,Mission Impossible: Dead Reckoning,,At cinemark with Calen,
570,,Dungeons & Dragons: Honor Among Thieves,,At cinemark with Calen,
569,,Squid Game,,,
568,,The Invisible Man,,At home,
567,,Evil Dead Rise,,With Morgan at Cinemark,
566,,The Power of the Dog,,At the shop,
565,,The Queens Gambit,,At home,
564,,The Green Knight,,In theater with Sean,
563,,A Quiet Place Part II,,In theaters,
562,,No Time to Die,,At Harkins by myself,
561,,Nomadland,,At home,
560,,Free Guy,,At home with kids,
559,,Guillermo Del Toro Pinnochio,,At home,
558,,Cruella,,At home,
557,,All Quiet on the Western Front,,At the gym,
556,,John Wick Chapter 4,,At Theater with Calen,
555,,Eternals,,At Home,
554,,The Northman,,Harkins with Morgan,
553,,Luca,,At home,
552,,Elvis,,With morgan at home,
551,,Black Panther Wakanda Forever,,Theaters,
550,,Last Night in Soho,,With Morgan in Bed,
549,,Encanto,,With Kids at home,
548,,Don't Worry Darling,,With Morgan,
547,,Shang Chi - The Legend of the Ten Rings,,At Harkin with kids,
546,,Black Widow,,At Home,
545,,The Suicide Squad,,At home ,
544,,Thor: Love and Thunder,,At home with kids,
543,,Barbarian,,With Morgan,
542,,The Super Mario Bros,,In theater with kids and Calen,
541,,Tenet,,"In theater with Josh, Karl, & Scott",
540,,Bullet Train,,At Brads House,
539,,Puss in Boots: The Last Wish,,With Elodi,
538,,Doctor Strange in the Multiverse of Madness,,Theaters,
537,,Top Gun: Maverick,,Cinemark with Calen,
536,,Soul,,At home with kids,
535,,Guardians of the Galaxy Vol 3,,Cinemark with Calen,
534,,Avatar: The Way of Water,,At cinemark with Liam and Lily and Morgan,
533,,Don't Look Up,,In bed with Covid,
532,,Nope,,At theater with Scott and Morgan,
531,,"Glass Onion, Knives Out",,Cinemark with Calen,
530,,Dune,,At the theater!,
529,,Spiderman No Way Home,,,
528,,Oppenheimer,,With Calen and the film friend crew at AMC in Westminster,
527,,The Batman,,"With Josh, Scott, and Karl at the theater",
526,,Everything Everywhere All at Once,,With Scott at Harkins,
525,,Barbie,,With Morgan at Cinemark,
524,,Onward,,With the kids in quarantine,
523,,Us,,,
522,,Knives Out,,,
521,,The Lighthouse,,,
520,,Midsommar,,With Josh,
519,,Toy Story 4,,,
518,,The Two Popes,,,
517,,X-Men: Dark Phoenix,,,
516,,Rocketman,,,
515,,Fantastic Beasts: The Grimes of Grindenwald,,,
514,,Yesterday,,,
513,,Ready Or Not,,,
512,,Togo,,,
511,,The King,,,
510,,Ad Astra,,,
509,,Little Foot,,,
508,,Klaus,,,
507,,Once Upon a Time in Hollywood,,,
506,1960,The Swiss Family Robinson,,,
505,2019,Marriage Story,,,
504,2019,The Irishman,,,
503,2019,Ford V Farari,,,
502,2019,Parasite,,,
501,2019,Joker,,,
500,2020,The Gentleman,,,
499,2020,1917,,,
498,2019,It: Chapter 2,,At the Alamo Drafthouse with Morgan and Josh,
497,,Mary Queen of Scots,,,
496,,Capsized: Blood in the Water,,,
495,,Magnus,,With Morgan at home,
494,,The Favourite,,With Morgan at home,
493,,First Man,,,
492,,Bohemian Rhapsody,,,
491,,A Cure for Wellness,,,
490,,Mary Poppins Returns,,With the kids after camping,
489,,Anaconda 3: Offspring,,Best film ever. With Josh and Anna and Morgan playing Cards Against Humanity,
488,,Velvet Buzzsaw,,In Cayman Brac,
487,,Jim & Andy: The Great Beyond,,,
486,,Seven,,,
485,,Pawn Sacrifice,,,
484,,Captain Marvel,,,
483,,Root Cause,,,
482,,Alladin,,,
481,,Alita: Battle Angel,,,
480,,Shazam!,,,
479,,Get Me Roger Stone,,,
478,,Polar,,,
477,,The Dawn Wall,,,
476,,Pihu,,In Cayman Brac,
475,,The Shallows,,In Cayman Brac,
474,,Avengers: End Game,,,
473,,The Isle,,,
472,,Bad Times at the El Royale,,,
471,,A Star is Born,,,
470,,No Escape,,,
469,,Rampage,,,
468,,Tomb Raider,,By myself while Morgan was out with Sam D,
467,,Mountain,,,
466,,Outlaw King,,,
465,,The Ballad of Buster Scruggs,,,
464,,Benji,,,
463,,Birdbox,,,
462,,3 Billboards outside Ebbing Missouri,,,
461,,Free Solo,,Holy Fuck. ,
460,,Solo: A Star Wars Story,,,
459,,Mortal Engines,,,
458,,Mowgli: Legend of the Jungle,,,
457,,Game Night,,,
456,,Benji,,,
455,,Midnight Special,,,
454,,Hold the Dark,,,
453,,The Equalizer,,,
452,,Alpha,,,
451,,Captain Fantastic,,,
450,,Mother!,,,
449,,Hostiles,,,
448,,The Greatest Showman,,,
447,,Happy People: A Year in the Taiga,,With Dad in the living room,
446,,Morgan,,,
445,,Backcountry,,,
444,,Jungle,,,
443,,Full Metal Jacket,,,
442,,Heat,,,
441,,Storks,,,
440,,Mission Impossible: Fallout,,,
439,,American Made,,,
438,,Hereditary,,At the Harkins Theater,
437,,I Kill Giants,,With the kiddoes,
436,,Annihilation,,At home with Morgan,
435,,Deadpool 2,,At the drive in theater with Morgan,
434,,The Incredibles 2,,At the drive in theater with Morgan,
433,,Ocean's 8,,At the drive in theater with Morgan,
432,,The Greatest Showman,,,
431,,Murder On The Orient Express,,,
430,,Blade Runner 2049,,At Theater with Josh,
429,,Justice League,,At home with kids,
428,,"I, Tonya",,With Morgan at home,
427,,Hell or High Water,,,
426,,Moonlight,,At home,
425,,Saving Mr. Banks,,At home with kids,
424,,Black Panther,,In Theater with Liam,
423,,The Shape of Water,,Woth Morgan at the Mayan Theater,
422,,Battle of the Sexes,,At home with Morgan,
421,,Hostiles,,,
420,,Avengers: Infinity War,,,
419,,Brawl in Cellblock 99,,With Morgan and Meagan and Heidi in the basement theater,
418,,Split,,With Morgan on the couch,
417,,Truman,,With Morgan and Christian on the couch,
416,,IT,,With Morgan and and Tracy on the couch,
415,,Assasins Creed,,With Christian on the couch,
414,,1922,,Morgan on the couch,
413,,Okja,,Morgan on the couch,
412,,Guardians of the Galaxy: Vol II,,Morgan and kids in the living room,
411,,Swiss Army Man,,"Morgan at the hotel in Eagle, CO",
410,,Spiderman: Homecoming,,With Liam and Lily at Elvis Cinema,
409,,The Mummy,,Down in the basement on the big screen,
408,,Moana,,Kids in the living room,
407,,Zootopia,,Kids in the living room,
406,,The Secret Life of Pets,,Kids in the living room,
405,,Deep Water Horizon,,Morgan at night in the living room,
404,,Krampus,,Morgan at night in the living room,
403,,Baby Driver,,Big screen downstairs,
402,,Get Out,,Big screen downstairs,
401,,Star Wars: The Last Jedi,,At the theater with Reed and Justin,
400,,Thor: Ragnarok,,With Liam at the theater for a surprise,
399,,Pirates of the Caribbean: Dead Men Tell No Tales,,In the living room with the kids,
398,,The Herewitz Stories,,With morgan in the living room,
397,,Little Evil,,With Dad and morgan,
396,,The Invitation,,With morgan,
395,2015,Stanford Prison Experiment,,With morgan,
394,2016,Lion,,Alone while folding clothes,
393,,Fantastic Beasts and Where to Find Them,,At the theater with the kids,
392,,Suicide Squad,,In the living room,
391,,Ice Age: Collission Course,,During the day with kids,
390,,The BFG,,HAnging with the kiddos,
389,,Free State of Jones,,At the theater with Morgan,
388,,Now You See Me 2,,At home. ,
387,,Warcraft,,At home. ,
386,,Money Monster,,In the kitchen while i cleaned,
385,,Huntsman: Winters War,,In the living room,
384,,The Lost City of Z,,At night in bed,
383,,Ghost in the Shell,,In the living room,
382,,Beauty and the Beast,,With the kids at home,
381,,Wonder Woman,,At the theater,
380,,Lego Batman Movie,,At Elvis Cinema with the kiddos,
379,,King Kong: Skull Island,,At home with Chris and Dana,
378,,Dunkirk,,At the Imax theater with Anthony,
377,,La La Land,,At home,
376,,Manchester By The Sea,,At home,
375,2016,Hacksaw Ridge,,At Home with family,
374,2017,Passengers,,At night with morgan,
373,2017,Logan,,At Arvada Theater with Morgan and Elodi,
372,,The Brothers Grimm,,Hanging with the kids,
371,2016,Criminal,,At home,
370,2016,The Magnificent Seven,,At home,
369,,Miss Peregrine's Home for Peculiar Children,,At Elvis Cinema with the family,
368,2016,The Forest,,With Morgan,
367,2016,Rogue One: A Star Wars Story,,At Arvada theater with Mom,
366,2016,Ghostbusters,,With morgs fam,
365,2016,Dr. Stange,,At the Mills with Morgan,
364,2016,Jason Bourne,,On airplane from Atlanta,
363,2016,Star Trek: Beyond,,At airport in Atlanta,
362,2015,The Visit,,With Brian and Morgan,
361,2014,Creep,,With Brian and Morgan,
360,2010,The Trip,,"Cleaning house, per Brians recommendation",
359,2016,13 Hours - The Secret Soldiers of Benghazi,,At home over a few days,
358,2016,The Legend of Tarzan,,At home while Morg is in Cali,
357,2016,The Angry Birds Movie,,With kids,
356,2016,X-Men: Apocalypse,,At Arvada Theater with Morgan,
355,2016,Finding Dory,,At Arvada Theater with Morgan and the kids,
354,,Point Break,,Hanging at home,
353,,The Fantastic Four,,At home. ,
352,,10 Cloverfield Lane,,At home with Morgan,
351,,The Witch,,At home with Morgan,
350,,"Hail, Caesar!",,At home with Morgan,
349,,Captain America: Civil War,,Theater with Morgan,
348,,Timber,,Alone on the couch while Morgan is in Alabama. On a Western kick. ,
347,2016,Jane Got a Gun,,Alone on the couch while Morgan is in Alabama. On a Western kick. ,
346,,The Salvation,,Alone on the couch while Morgan is in Alabama. On a Western kick. ,
345,,Forsaken,,Alone on the couch while Morgan is in Alabama. On a Western kick. ,
344,,Bone Tomahawk,,Alone on the couch while Morgan is in Alabama. On a Western kick. ,
343,,The Lobster,,"With Morgan, drinking a beer and eating hamburgers. ",
342,2016,The Jungle Book,,At Arvada Theater with Morgan and the Kids,
341,,Dark Places,,Chillin with Morg,
340,2016,Gods of Egypt,,At Elvis Theater with Morgan,
339,2016,Batman V Superman: Dawn of Justice,,Arvada Theater with Morgan,
338,2016,Deadpool,,At home with Morgan,
337,2015,Joy,,,
336,2015,The Hateful Eight,,,
335,2015,Creed,,,
334,,Spectre,,,
333,2015,The Danish Girl,,While i washed the dishes over a span of many days. ,
332,2015,Creed,,,
331,2013,The Boy And The World,,,
330,2015,Air,,At home with Dad and Morgan,
329,2015,Brooklyn,,,
328,,Trumbo,,,
327,2015,Steve Jobs,,At home with Dad and Morgan over a joint,
326,2015,The Revenant,,At the Arvada Thetwer with Morgan,
325,2015,Room,,,
324,2015,Spotlight,,,
323,2015,The Good Dinsosaur,,,
322,2015,Bridge of Spies,,,
321,2015,The Big Short,,,
320,2015,Star Wars: The Force Awakens,,,
319,,Focus,,,
318,,The Man from UNCLE,,On the airplane to Senegal,
317,,Pawn Sacrifice,,,
316,,A Short Walk in the Woods,,,
315,,The Age of Adeline,,,
314,,Terminator: Genisys,,,
313,,Solace,,,
312,,Self/Less,,,
311,,Southpaw,,,
310,,Maleficent,,,
309,,Unbroken,,,
308,,Paddington,,,
307,,Horrible Bosses 2,,,
306,,The Pyramid,,,
305,2015,The Maze Runner: The Scorch Trials,,,
304,2015,Insurgent,,,
303,2014,The Maze Runner,,,
302,2015,Mission Impossible: Rogue Nation,,,
301,2015,In the Heart of the Sea,,At Arvada Theater by myself,
300,2015,Black Mass,,Mostly while cooking,
299,,Confessions of a Teenage Drama Queen,,,
298,2015,Pan,,,
297,2015,The Martian,,At Olde Town Theater with Morgan ,
296,2015,Beast of No Nation,,While I ran and did dishes,
295,,The Penguins of Madagascar,,With the kids on the couch and with Morgan,
294,2015,Pitch Perfect 2,,At Carils 60th bday,
293,2015,Spy,,On the couch with Morgan,
292,2015,Everest,,At the theater with Morgan,
291,2015,Tommorowland,,On the couch with Morgan and the kids,
290,,Coming to America,,Reminded about it by Scott,
289,,True Story,,,
288,,Frank,,With Morgan at home,
287,,If I stay,,With Morgan and Benjamin David,
286,,The Admiral: Roaring Currents,,With Benjamin David,
285,,Kill Me Three Times,,With Morgan and Ben David,
284,2014,Enemy,,at home with Benjamin David,
283,,Serena***,,,
282,,A Most Violent Year***,,,
281,,Get Hard,,,
280,2015,Edge of Tomorrow,,second time - new huge ass TV with Benjamin David,
279,,Seventh Son,,,
278,,The Hunger Games: Catching Fire,,,
277,,"The Hunger Games: Mockingjay, Part 1",,,
276,,Ex Machina,,,
275,,The Outcast,,,
274,,Killing Them Softly,,While I washed dishes mostly,
273,2015,RoboCop,,With Morgan on the couch,
272,2015,Ant-Man,,Arvada Movie theater by myself,
271,2015,Ted 2,,Arvada Movie theater by myself,
270,2015,Inside Out,,With Morgan in Old Town,
269,,Take Shelter,,On the couch with Morgan but I fell asleep,
268,,Cake,,On the couch with Morgan,
267,,Blue Ruin,,On the couch with Morgan,
266,,The Hot Chick,,At a hotel in Los Angeles,
265,2015,Jurassic World,,Old Town Arvada and also in Tehachapi with Morgan and Kids,
264,2015,Mad Max: Fury Road,,At Olde Town Theater with Mom,
263,2015,Mortdecai,,With Morgan in Omaha,
262,2015,Avengers: Age of Ultron,,At the old town theater by myself,
261,,Dumb and Dumber To,,,
260,2014,Whiplash,,At the Mayan Theater with Ciera,
259,2014,CitizenFour,,While Juiing,
258,2014,The Judge,,While Juiig,
257,2014,Still Alice,,On the couch,
256,2014,The Boxtrolls,,With the kids,
255,2014,Foxcatcher,,With Ciera,
254,2014,Wild,,On the couch,
253,2014,Birdman,,At the theater with ciera,
252,2014,American Sniper,,While juicing,
251,,Lucky Number Slevin,,,
250,,Pompeii,,,
249,,Non-Stop,,,
248,,Thank You For Smoking,,,
247,2014,Big Hero 6,,With the kiddos at the kitchen table,
246,2014,Boyhood,,With Mom in her room late at night,
245,2014,The Theory of Everything,,On the Couch,
244,,Veronica Mars,,Juicing,
243,2014,The Imitation Game,,Arvada Old Towne,
242,2014,The Hobbit: The Battle of the Five Armies,,Arvada Old Towne,
241,,"I, Frankenstein",,Juicing,
240,2014,"Alexander and the Terrible, Horrible, No Good, Very Bad Day",,Elvis Theater with Jordan and the littles,
239,,Oculus,,With Jordan on the couch because we are lazy as fuck,
238,1990,Total Recall,,At Jordans House while she's out getting smashed with Agnessa,
237,2014,How to Train Your Dragon 2,,At Jordans House,
236,,Baby Momma,,In Breckenridge on couch with Christian and Jordan,
235,2013,The Machine,,randomly throughout several days of dish washing,
234,2007,The Darjeeling Limited,,On the couch with Jordan drinking Whiskey for my 28th birthday,
233,2012,Jack Reacher,,,
232,2014,22 Jump Street,,,
231,2014,Interstellar,,,
230,2011,Puss In Boots,,,
229,2013,Snowpiercer,,,
228,2013,Lucy,,,
227,2014,Into the storm,,,
226,2014,Gone Girl,,Warren 13 with Josh,
225,2013,Under the Skin,,,
224,2013,Riddick,,,
223,2014,Guardians of the Galaxy,,,
222,2013,Lone Survivor,,,
221,2014,The Monuments Men,,,
220,2014,Need For Speed,,In the van,
219,2014,Transcendence,,"On the couch, chillin",7/28/2014
218,2014,Dawn of the Planet of the Apes,,At landmark with Josh,7/10/2024
217,2013,The Fifth Estate,,Juicing,
216,2013,47 Ronin,,Doing Dishes,7/6/2014
215,2014,3 Days to Kill,,In the bronco in Summit Cty,6/29/2014
214,2014,The Grand Budapest Hotel,,At the mayan theater with Charissa,7/5/2014
213,2014,Rush,,Laundry and Juicing ,5/26/2014
212,2013,Prisoners,,With Charissa outside on the porch,
211,2014,X-Men: Days of Future Past,,With Josh at Olde Town Theater,
210,2013,The Grandmaster,,Juicing,
209,2014,Mandela: Long Walk to Freedom,,Laying in bed with Tulum,
208,2014,Ender's Game,,In bed,
207,2014,Kick Ass 2,,Chillin on couch with Tulum,
206,2014,The Counselor,,While I juiced,
205,2014,Anchorman 2: The Leged Continues,,While I juiced,
204,2014,The Amazing Spiderman 2,,All by myself at the arvada theater! Afternoon show,
203,2013,The Wolverine,,While I juiced,
202,2014,Captain America: The Winter Soldier,,With Josh at the Old Towne Warren in Wichita,
201,2014,The Lego Movie,,With Lily and Liam at Elvis,
200,2014,300: Rise of an Empire,,With Josh at Elvis,
199,2013,The Great Gatsby,,While I juiced,
198,2013,Blue Jasmine,,While I juiced,
197,2013,August: Osage County,,While I juiced,
196,2012,Les Miserables,,While I juiced,
195,2013,Blue is the Warmest Color,,Chillin. ,2/26/2014
194,2012,Twilight: Breaking Dawn Part 2,,Cuddled on the couch with Tulum. ,2/21/2014
193,2013,Out of the Furnace,,While I folded Laundry with Lily. Loved this film,2/20/2014
192,2013,Captain Phillips,,While I juiced,2/5/2014
191,2013,Philomena,,While I cleaned the bedroom and did laundry. End of Oscar run!!!,2/20/2014
190,2013,Dallas Buyers Club,,Sitting in the kitchen eating cereal.,2/19/2014
189,2013,Nebraska,,While I cleaned the Living Room. ,2/19/2014
188,2013,The Wolf of Wall Street,,While I cleaned the kitchen with Lily,2/18/2014
187,2013,Her,,"Sunday, chilling with Tulum. On an oscar binge!",2/16/2014
186,2012,Wanderlust,,At Jared's Apartment in Dec 2013,
185,2013,12 Years a Slave,,"On the couch with Tulum, 2/14/14",2/14/2014
184,2013,Gangster Squad,,In the kitchen on Valentines Day 2014,2/14/2014
183,2013,Frozen,,With Lily and Liam on the couch together,
182,2013,American Hustle,,On the couch with Tulum,2/12/2014
181,2012,The Master,,Kitchen counter,2/10/2014
180,2012,Wreck It Ralph,,With Lily and Tulum!,
179,2012,Hit & Run,,While I juiced,
178,2013,Empire State,,While I juiced,
177,2013,Dead Man Down,,While I juiced,
176,2013,The Last Stand,,Relaxing on the couch one evening with Tulum,
175,2007,Zodiac,,While I juiced,
174,2013,Man of Tai Chi,,While I juiced,
173,2013,IP Man - The Final Fight,,While I juiced,
172,1994,IQ,,,
171,2013,All Is Lost,,Chillin on the couch,
170,2013,The Secret Life of Walter Mitty,,At the Old Town Arvada Movie theater with my friend Kaity Anne,
169,2013,The Hobbit: The Desolation of Smaug,,With Lily and Kayla Hoggart at Arvada Movie Theater,
168,2013,Percy Jackson: Sea of Monsters,,Elvis cinema with Lily,
167,2013,Thor: The Dark World,,Elvic cinema with Lily,
166,2005,Pride and Prejudice,,On the couch,
165,2013,Olympus Has Fallen,,While I juiced,
164,2011,Upside Down,,At some random persons house,
163,1952,Singin' In the Rain,,,
162,2013,Gravity,#1800,Movie theater in Arvada with Josh Moore,
161,1997,The Peacemaker,,While I washed dishes,
160,1997,Pi,,While I juiced,
159,2011,The Double,,While I juiced,
158,2012,"The Paperboy
",,While I juiced,
157,2012,Deadfall,,,
156,2011,Our Idiot Brother,,At Jared's apartment,
155,2007,Sunshine,,While I juiced,
154,1997,Event Horizon,,While I juiced,
153,2012,Erased,,While I juiced,
152,2012,Mud,#1790,Chillin with Tulum,
151,2012,To The Wonder,,While I juiced,
150,2013,"The Conjuring
",,Movie Theater with LoriAnne & Sha,
149,2013,Monsters University,,Elvis Cinema with Lily,
148,2013,"The Company You Keep
",,At Jared's apartment,
147,2013,"The Place Beyond the Pines
",,At Jared's apartment,
146,2013,The Man With the Iron Fists,,Chillin on the couch with Tulum,
145,2013,Dredd,,While I juiced,
144,2013,This Is The End,,At Jareds House,
143,2013,The Lone Ranger,,Chillin on the couch with Tulum,
142,2013,Elysium,,Arvada Theater with Josh Moore. We rode their on our bikes,
141,2013,Now You See Me,,Elvis cinema,
140,2013,Only God Forgives,#1776,At the cool hipster theater in Littleton with Jared & Josh,
139,2013,After Earth,,Elvis Cinema,
138,2009,Cracks,,,
137,2013,World War Z,,Arvada Theater. I fell asleep!!,
136,2012,Stolen,,On the porch during a storm. ,
135,2011,Seeking Justice,,While I juiced,
134,2013,Jack the Giant Slayer,,,
133,2013,Oz: The Great and Powerful,,,
132,2013,Man of Steel,,,
131,2013,The Hangover III,,,
130,2012,House at the End of the Street,,,
129,2013,Pain & Gain,,,
128,2012,Taken 2,,,
127,2013,Oblivion,,,
126,2013,The Call,,,
125,2013,Star Trek: Into Darkness,,,
124,2010,Leap Year,,,
123,2013,Iron Man 3,,,
122,2013,Warm bodies,,,
121,2012,Red Lights,,,
120,2007,Lars and the Real Girl,,,
119,2009,The Fourth Kind,,,
118,2011,Like Water,,,
117,2012,Savages,,,
116,2012,Louis CK: Live at the Bacon Theater,,,
115,2012,Zero Dark Thirty,,,
114,2012,Silver Linings Playbook,,,
113,2012,Lincoln,,,
112,2012,Life of Pi,,,
111,2013,Dark Skies,,,
110,2012,Jack and Diane,,,
109,2012,Seven Psychopaths,,,
108,2012,Paranormal Activity 4,,,
107,2012,Lawless,,,
106,1995,When Night is Falling,,,
105,2010,The Switch,,,
104,2012,Argo,,,
103,2012,Ted,,,
102,2012,Django: Unchained,,,
101,2002,Spun,,,
100,2011,Machine Gun Preacher,,,
99,2009,The New Daughter,,,
98,2008,Louis CK: All Chewed Up,,,
97,2011,Love,,,
96,2012,Moonrise Kingdom,,,
95,2012,Seeking A Friend for the End of the World,,,
94,2012,Casa De Mi Padre,,,
93,2012,The Hobbit,,,
92,2011,Hugo,,,
91,2004,Closer,,,
90,2012,The Lorax,,,
89,2012,Skyfall,,,
88,2012,Cloud Atlas,,,
87,2010,Paranormal Activity 2,,,
86,2012,Sinister,,,
85,2011,The Snowtown Murders,,,
84,2012,The Experiment,,,
83,2008,The Lazarus Project,,,
82,2011,Lovely Molly,,,
81,2009,Piranha,,,
80,2008,Bronson,,,
79,2009,My Normal,,,
78,2009,You Will Be Mine,,,
77,1999,Payback,,,
76,2001,Vanilla Sky,,,
75,2012,Get The Gringo,,,
74,2012,Tomorrow When the War Began,,,
73,2000,Battle Royale,,,
72,2012,Act of Valor,,,
71,2012,Abduction,,,
70,2012,Haywire,,,
69,2012,Loopers,,,
68,2012,"The Hunter
",#1700,,
67,2012,Men In Black III,,,
66,2006,Imagine Me & You,,,
65,2012,The Bourne Legacy,,,
64,2006,The Gymnast,,,
63,2012,Total Recall,,,
62,2012,Contraband,,,
61,2012,The Raid: Redemption,,,
60,2012,21 Jump Street,,,
59,2012,The Dark Knight Rises,,,
58,2011,The Cabin In The Woods,,,
57,2011,Tinker Tailer Soldier Spy,,,
56,2012,The Amazing Spider-Man,,,
55,2011,The Artist,,,
54,1956,The Vagabond King,,,
53,2012,Brave,,,
52,2011,Paul,,,
51,2012,Prometheus,,,
50,2011,The Sitter,,,
49,1999,The Thirteenth Floor,,,
48,2012,Battleship,,,
47,2007,Before The Devil Knows You're Dead,,,
46,2010,The Final Girl,,,
45,2008,The Wave,,,
44,2011,The Darkest Hour,,,
43,2001,Frailty,,,
42,2011,Tower Heist,,,
41,2012,Extremely Loud and Incredibly Close,,,
40,2011,The Girl with the Dragon Tattoo,,,
39,2012,Twilight: Breaking Dawn Part 1,,,
38,2012,The Avengers,,,
37,2008,Religulous,,,
36,2011,War of the Arrows,,,
35,2008,Pontypool,,At the Dover Apt. ,
34,2010,Repeaters,,,
33,2012,The Muppets,,,
32,2012,Lockout,,,
31,2012,"The Hunger Games
",,In Virginia with Beth,
30,2009,The Bad Lieutenant: Port of Call New Orleans,,On the porch during a thunderstorm,
29,2012,Bad Teacher,,,
28,2011,The Green Hornet,,,
27,2011,Rio,,,
26,2011,A Separation,,At a movie theater in DC with Anna,
25,2012,Game Change,,,
24,2011,Immortals,,,
23,2002,Tristan et Iseut,,,
22,2012,Safe House,,,
21,2011,Despicable Me,,,
20,2012,John Carter,,,
19,2011,Anonymous,,,
18,2011,Killer Elite,,,
17,2011,Another Earth,,Elvis Cinema with Josh. Meh. ,
16,2011,Midnight In Paris,,,
15,2010,Somewhere,,,
14,2011,Moneyball,,,
13,2011,Contagion,,In Garden City,
12,2011,1911,,In Garden City,
11,2011,Drive,,,
10,2012,Chronicle,,,
9,2011,Real Steel,,,
8,2010,Little Big Soldier,,,
7,2011,Blackthorn,,,
6,2012,The Woman In Black,,,
5,2012,Man On A Ledge,,,
4,2010,The Man From Nowhere,,,
3,2011,Tucker & Dale vs Evil,,,
2,2011,Bunraku,,,
1,2012,The Grey,,,
,2011,Rango,Gore Verbinski,http://www.imdb.com/title/tt1192628/,
,2011,Hop,Tim Hill,http://www.imdb.com/title/tt1411704/,
,2011,Kill the Irishman,Jonathan Hensleigh,http://www.imdb.com/title/tt1416801/,
,2011,Pirates of the Caribbean: On Stranger Tides,Ron Howard,,
,2011,Harry Potter and the Deathly Hallows Part 2,,,
,2011,Captain America: The First Avenger,,,
,2011,Season Of The Witch,,,
,2011,The Adjustment Bureau,,,
,2011,Source Code,,,
,2011,Battle: Los Angeles,,,
,2011,The Eagle,,,
,2011,The Rite,,,
,2011,Sanctum,,,
,2011,The Lincoln Lawyer,,,
,2011,Priest,,,
,2011,Unknown,,,
,2011,Sucker Punch,,,
,2011,Drive Angry,,,
,2011,Limitless,,,
,2011,Thor,,,
,2011,Cars 2,,,
,2011,Paranormal Activity 3,,,
,2011,Super 8,,,
,2011,Horrible Bosses,,,
,2011,Green Lantern,,,
,2011,Conan The Barbarian,,,
,2011,Margin Call,,,
,2011,Warrior,,,
,2011,The Tree of Life,,,
,2011,30 Minutes Or Less,,,
,2011,Kung Fu Panda 2,,,
,2011,Sherlock Holmes: A Game of Shadows,,,
,2011,Trespass,,,
,2010,The Crazies,,,
,2011,Bridesmaids,,,
,2011,Cowboys & Aliens,,,
,2011,Rise of the Planet of the Apes,,,
,2011,The Hangover Part II,,,
,2011,Mission Impossible: Ghost Protocol,,,
,2011,The Ides of March,,,
,2010,Shutter Island,Martin Scorcese,,
,2010,Alice in Wonderland,Tim Burton,,
,2010,The Book of Eli,,,
,2010,Nine Dead,,,
,2010,The Green Zone,,,
,2010,Clash of the Titans,,,
,2010,Iron Man 2,,,
,2010,Robin Hood,,,
,2010,Prince of Persia,,,
,2010,The Karate Kid,,,
,2010,Daybreakers,,,
,2010,Surrogates,,,
,2010,Inception,Christopher Nolan,,
,2010,The Expendables,Sylvester Stallone,,
,2010,The Other Guys,,,
,2010,Dan in Real Life,,,
,2010,The American,,,
,2010,G.I.Joe: The Rise of Cobra,,,
,2010,The Town,,,
,2010,The Boondock Saints II: All Saints Day,Troy Duffy,,
,2010,Cloudy With a Chance of Meatballs,,,
,2010,She's Just Not That Into You,,,
,2010,Jackass 3D,,,
,2010,Gamer,,,
,2010,I'm Still Here,,,
,2010,Legion,,,
,2010,Kick-Ass,,,
,2010,Harry Potter and the Deathly Hallows Part 1,,,
,2010,Due Date,,,
,2010,Centurion,,,
,2010,The Bounty Hunter,,,
,2010,Exit Through the Gift Shop,,,
,2010,The A Team,,,
,2010,Shrek Forever After,,,
,2010,Restrepo,,,
,2010,127 Hours,,,
,2010,The Pillars of the Earth,,,
,2010,Unthinkable,,,
,2010,Unstoppable,,,
,2010,Winter's Bone,,,
,2010,Due Date,,,
,2010,Land of the Lost,,,
,2010,The Social Network,,,
,2010,Monsters,,,
,2010,The Next Three Days,,,
,2010,Morning Glory,,,
,2010,The Fighter,,,
,2010,From Paris with Love,,,
,2010,High Lane,Abel Ferry,http://www.imdb.com/title/tt1433562/,
,2010,Gun,Jessy Terrero,http://www.imdb.com/title/tt1560954/,
,2010,Room in Rome,Julio Medem,http://www.imdb.com/title/tt1263750/,
,2010,Salt,Phillip Noyce,http://www.imdb.com/title/tt0944835/,
,2010,Summer Lover,Robert Crombie,http://www.imdb.com/title/tt0937373/,
,2010,White Lion,Michael Swan,http://www.imdb.com/title/tt1618421/,
,2010,The Sorcerers Apprentice,Jon Turteltaub,http://www.imdb.com/title/tt0963966/,
,2010,The Spy Next Door,Brian Levant,http://www.imdb.com/title/tt1273678/,
,2010,The Chronicles of Narnia: Voyage of the Dawn Treader,,,
,2010,Grown Ups,,,
,2010,Stone,,,
,2010,Tangled,,,
,2010,Black Death,,,
,2010,Secretariat,,,
,2010,180 Degrees South,,,
,2010,The Kings Speech,,,
,2010,IP Man 2,,,
,2010,Dinner for Schmucks,,,
,2010,Blue Valentine,,,
,2010,Hereafter,,,
,2010,All Good Things,,,
,2010,Insidious,,,
,2010,Black Swan,,,
,2010,Little Fockers,,,
,2010,How Do You Know,,,
,2010,Devil,,,
,2010,Of Gods and Men,,,
,2010,Buried,,,
,2010,Inside Job,,,
,2010,Wild Target,,,
,2010,13 Assassins,,,
,2010,Alpha and Omega,,,
,2010,Twilight: Eclipse,,,
,2010,Trollhunter,,,
,2010,The Perfect Host,,,
,2010,"Fat, Sick, and Nearly Dead",,,
,2009,Eagle Eye,D.J. Caruso,,
,2009,Star Trek,J.J. Abrams,,
,2009,X-Men Origins: Wolverine,Gavid Hood,,
,2009,Underworld: Rise of the Lycans,Patrick Tatopoulos,,
,2009,Frost/Nixon,Ron Howard,,
,2009,Terminator: Salvation,McG,,
,2009,Up,,,
,2009,Bruno,,,
,2009,Transformers: Revenge of the Fallen,Michael Bay,,
,2009,Knowing,,,
,2009,Taken,,,
,2009,The Haunting in Connecticut,,,
,2009,Appaloosa,,,
,2009,Harry Potter and the Half Blood Prince,,,
,2009,Push,,,
,2009,Inkheart,,,
,2009,Outlander,,,
,2009,Inglorious Basterds,Quentin Tarantino,,
,2009,The Informant!,,,
,2009,"I Love You, Man",,,
,2009,Where the Wild Things Are,,,
,2009,Paul Blart: Mall Cop,,,
,2009,Law Abiding Citizen,,,
,2009,The Men Who Stare at Goats,,,
,2009,The Bucket List,,,
,2009,Angels & Demons,,,
,2009,Ink,,,
,2009,Invictus,,,
,2009,2012,,,
,2009,Fantastic Mr. Fox,,,
,2009,Public Enemies,,,
,2009,The Soloist,,,
,2009,Deadline,,,
,2009,Avatar,James Cameron,,
,2009,The Road,,,
,2009,The Answer Man,,,
,2009,Sherlock Holmes,,,
,2009,District 9,,,
,2009,Paranormal Activity,,,
,2009,Oral Fixation,,,
,2009,The Imaginarium of Doctor Parnassus,Terry Gilliam,,
,2009,The Taking of Pelham 123,Tony Scott,,
,2009,Red Hook,,,
,2009,Zombieland,,,
,2009,Year One,,,
,2009,Sin Nombre,,,
,2009,No Impact Man,,,
,2009,The Open Road,,,
,2009,Death Race,,,
,2009,American Violet,,,
,2009,The Proposal,,,
,2009,In The Electric Mist,,,
,2009,The Visitor,,,
,2009,The Land That Time Forgot,,,
,2009,Pandorum,,,
,2009,Couples Retreat,,,
,2009,And Then Came Lola,,,
,2009,Endgame,,,
,2009,The Girl with the Dragon Tattoo,,,
,2009,The Greatest,Sophi Feste,,
,2009,King Corn,,,
,2009,9th Company,,,
,2009,Jennifer's Body,,,
,2009,The Cove,,,
,2009,Brooklyn's Finest,,,
,2009,Moon,,,
,2009,Valhalla Rising,,,
,2009,The Secret of Kells,,,
,2009,The Girl Who Played with Fire,,,
,2009,Ondine,,,
,2009,The Chaos Experiment,,,
,2009,Precious,,,
,2009,Old Dogs,,,
,2009,Brothers,,,
,2009,Frozen,,,
,2009,Sweetgrass,,,
,2009,Balls Out: Gary the Tennis Coach,,,
,2009,Exam,,,
,2009,Rampage,,,
,2009,Dorian Gray,,,
,2009,The Girl Who Kicked the Hornets Nest,,,
,2009,The Young Victoria,,,
,2009,Which Way Home,,,
,2009,An Education,,,
,2009,Ice Age 3: Dawn of the Dinosaurs,,,
,2009,Creation,Jon Amiel,http://www.imdb.com/title/tt0974014/,
,2009,Loose Change 9/11: An American Coup,Dylan Avery,http://www.imdb.com/title/tt1394268/,
,2009,Ghosted,Monika Treut,http://www.imdb.com/title/tt1252595/,
,2009,Deadfall Trail,,,
,2009,Agora,,,
,2009,Harry Brown,,,
,2009,The Princess and the Frog,,,
,2009,Cirque Du Freak: The Vampires Assistant,,,
,2009,Twilight: New Moon,,,
,2008,"10,000 BC",,,
,2008,21,,,
,2008,Alvin and the Chipmunks,,,
,2008,Indiana Jones: The Kingdom of the Crystal Skull,Steven Speilberg,,
,2008,Bridge to Terabithia,,,
,2008,Charlie Wilson's War,,,
,2008,The Incredible Hulk,,,
,2008,Iron Man,,,
,2008,Atonement,,,
,2008,Wanted,,,
,2008,The Water Horse: Legend of the Deep,,,
,2008,Hancock,,,
,2008,Kung Fu Panda,,,
,2008,The Dark Knight,Christopher Nolan,,
,2008,Hitman,,,
,2008,Burn After Reading,,,
,2008,Street Kings,,,
,2008,The Forbidden Kingdom,,,
,2008,Forgetting Sarah Marshall,,,
,2008,Body of Lies,Ridley Scott,,
,2008,Changeling,,,
,2008,Quantum of Solace,,,
,2008,Madagascar 2: Escape 2 Africa,,,
,2008,Martian Child,,,
,2008,The Day the Earth Stood Still,,,
,2008,Australia,,,
,2008,The Chronicals of Narnia: Prince Caspian,,,
,2008,The Curious Case of Benjamin Button,,,
,2008,Yes Man,,,
,2008,Baghead,,,
,2008,Traitor,,,
,2008,Four Christmases,,,
,2008,Marley and Me,,,
,2008,Seven Pounds,,,
,2008,The Most Ultimate Showdown,The Clown Crew,,
,2008,Pineapple Express,David Gordon Green,,
,2008,Step Brothers,Adam McKay,,
,2008,Twilight,Catherine Harwicke,,
,2008,Bangkok Dangerous,Oxide Pang Chun & Danny Pang,,
,2008,Miracle at St. Anna,Spike Lee,,
,2008,Doubt,John Patrick Shanley,,
,2008,Slumdog Millionaire,Danny Boyle,,
,2008,Valkyrie,Bryan Singer,,
,2008,Gran Torino,Clint Eastwood,,
,2008,The Wrestler,,,
,2008,Role Models,,,
,2008,Choke,,,
,2008,Bedtime Stories,,,
,2008,The Boy in the Striped Pajamas,,,
,2008,Nick & Norah's Infinite Playlist,,,
,2008,"Food, Inc",,,
,2008,Man On Wire,,,
,2008,Revolutionary Road,Sam Mendes,,
,2008,Defiance,,,
,2008,100 Feet,,,
,2008,You Don't Mess with the Zohan,,,
,2008,Henry Poole Is Here,,,
,2008,Good Dick,,,
,2008,Shiver,,,
,2008,John Rambo,,,
,2008,Righteous Kill,,,
,2008,Capitalism: A Love Sory,,,
,2008,Is Anybody There?,,,
,2008,Ong Bak 2: The Beginning,,,
,2008,North Face,,,
,2008,Swing Vote,,,
,2008,Dragon Hunters,,,
,2008,Ponyo,,,
,2008,Chaos Theory,,,
,2008,IP Man,,,
,2008,Witch Hunt,,,
,2008,The Love Guru,,,
,2008,The Burning Plain,Guillermo Arriaga,http://www.imdb.com/title/tt1068641/,
,2008,The Reader,Stephen Daldry,http://www.imdb.com/title/tt0976051/,
,2008,The Human Experience,Charles Kinnane,http://www.imdb.com/title/tt1252298/,
,2008,The Red Baron,,,
,2008,Restraint,,,
,2007,300,,,
,2007,1408,,,
,2007,3:10 To Yuma,,,
,2007,30 Days of Night,,,
,2007,American Gangster,,,
,2007,Beowolf 3-D,,,
,2007,Blades of Glory,,,
,2007,Eastern Promises,,,
,2007,Fracture,,,
,2007,Ghostrider,,,
,2007,Grindhouse,,,
,2007,Harry Potter: The Order of the Pheonix,,,
,2007,Hot Fuzz,,,
,2007,Into The Wild,Sean Penn,,
,2007,Knocked Up,,,
,2007,Letters from Iwo Jima,Clint Eastwood,,
,2007,Lions for Lambs,Robert Redford,,
,2007,Live Free: Or Die Hard,,,
,2007,Man of the Year,,,
,2007,Mr. Woodcock,,,
,2007,Music And Lyrics,,,
,2007,Next,,,
,2007,Ocean's Thirteen,,,
,2007,Pan's Labyrinth,Guillermo Del Toro,,
,2007,Pirates of the Caribean: At World's End,,,
,2007,Ratatuille,,,
,2007,Rescue Dawn,,,
,2007,Shoot Em' Up,,,
,2007,Shooter,,,
,2007,Shrek the Third,,,
,2007,Smokin' Aces,,,
,2007,Spider Man 3,Sam Raime,,
,2007,Stardust,,,
,2007,Talk To Me,,,
,2007,The Astronaut Farmer,,,
,2007,The Bourne Ultimatum,,,
,2007,The Heartbreak Kid,,,
,2007,The Kingdom,,,
,2007,The More Ultimate Showdown,The Clown Crew,,
,2007,The Number 23,,,
,2007,The Pusuit of Happyness,,,
,2007,TMNT,,,
,2007,Transformers,Michael Bay,,
,2007,We Own the Night,,,
,2007,Wild Hogs,,,
,2007,28 Weeks Later,,,
,2007,I Am Legend,,,
,2007,I Now Pronounce you Chuck and Larry,,,
,2007,Sicko,Michael Moore,,
,2007,The Assassination of Jesse James by the Coward Robert Ford,,,
,2007,Rendition,,,
,2007,No Country for Old Men,,,
,2007,August Rush,,,
,2007,There Will Be Blood,,,
,2007,Juno,,,
,2007,P.S. I Love You,,,
,2007,The Golden Compass,,,
,2007,I'm Not There,,,
,2007,The Kite Runner,,,
,2007,The Last Mimzy,,,
,2007,Across the Universe,,,
,2007,Balls of Fury,,,
,2007,Happy Feet,,,
,2007,Romulus: My Father,,,
,2007,The Orphanage,Guillermo Del Toro,,
,2007,Reign Over Me,Mike Binder,,
,2007,Superbad,Greg Mottola,,
,2007,Run Fat Boy Run,David Schwimmer,,
,2007,Hellboy 2: The Golden Army,,,
,2007,Disturbia,,,
,2007,Saw IV,,,
,2007,Visioneers,,,
,2007,The Education of Charlie Banks,,,
,2007,The Air I Breathe,,,
,2007,Hounddog,,,
,2007,Spiral,,,
,2007,Fall From Grace,,,
,2007,Mongol: The Rise of Ghengis Khan,,,
,2007,Meet the Robinsons,Stephen J. Anderson,http://www.imdb.com/title/tt0396555/,
,2007,Water Lillies,Céline Sciamma,http://www.imdb.com/title/tt0869977/,
,2007,Dane Cook: Rough Around the Edges,,,
,2007,To The Limit,,,
,2006,16 Blocks,,,
,2006,An American Haunting,,,
,2006,Apocaplyto,Mel Gibson,,
,2006,Loving Annabelle,Katherine Brooks,,
,2006,Babel,,,
,2006,Blood Diamond,,,
,2006,Borat: Cultural Learnings of America for Make Benefit Glorious Nation of Kazakstan,,,
,2006,Cars,,,
,2006,Catch and Release,,,
,2006,Children of Men,,,
,2006,Click,,,
,2006,DejaVu,,,
,2006,Employee of the Month,,,
,2006,Facing the Giants,,,
,2006,Fast and The Furious: Tokyo Drift,,,
,2006,Firewall,,,
,2006,Flags of Our Fathers,,,
,2006,Flyboys,,,
,2006,Ice Age: The Meltdown,,,
,2006,Inside Man,,,
,2006,Invincible,,,
,2006,Jackass 2,,,
,2006,James Bond: Casino Royale,,,
,2006,Leminy Snickets: A Series of Unfortunate Events,,,
,2006,Little Miss Sunshine,,,
,2006,Loose Change,,,
,2006,Miami Vice,Michael Bay,,
,2006,Mission Impossible 3,,,
,2006,Nacho Libre,,,
,2006,Night at the Museum,,,
,2006,Over the Hedge,,,
,2006,Poseidon,,,
,2006,Ring Around the Rosie,,,
,2006,Rocky Balboa,,,
,2006,RV,,,
,2006,Scary Movie 4,,,
,2006,School for Scoundrels,,,
,2006,Silent Hill,,,
,2006,Stay Alive,,,
,2006,Stealth,,,
,2006,Superman Returns,,,
,2006,Take the Lead,,,
,2006,Talledega Knights: The Ballad of Ricky Bobby,,,
,2006,The Benchwarmers,,,
,2006,The Break Up,,,
,2006,The Da Vinci Code,,,
,2006,The Departed,,,
,2006,The Devil Wears Prada,,,
,2006,The Fountain,,,
,2006,The Good Shepherd,,,
,2006,The Hills Have Eyes,,,
,2006,The Illusionist,,,
,2006,The Last King of Scotland,,,
,2006,The Omen,,,
,2006,The Painted Veil,,,
,2006,The Pink Panther,,,
,2006,The Pink Panther (2006),,,
,2006,The Prestige,Christopher Nolan,,
,2006,The Ringer,,,
,2006,The Shaggy Dog,,,
,2006,The Ultimate Showdown,The Clown Crew,,
,2006,Tristan and Isolde,,,
,2006,Turistas,,,
,2006,Ultraviolet,,,
,2006,Underworld: Evolution,,,
,2006,V for Vendetta,,,
,2006,When a Stranger Calls,,,
,2006,World Trade Center,,,
,2006,X-Men 3: The Last Stand,,,
,2006,Glory Road,,,
,2006,The Lost Room,,,
,2006,The Descent,,,
,2006,Half Nelson,,,
,2006,Saw III,,,
,2006,2:37:00,,,
,2006,Last Holiday,,,
,2006,Running Scared,,,
,2006,The Guardian,,,
,2006,Faith Like Potatoes,Regardt van den Bergh,,
,2006,The Lake House,,,
,2006,Fido,,,
,2006,The Black Dahlia,,,
,2006,Cashback,,,
,2006,Blindsight,,,
,2006,A Scanner Darkly,,,
,2006,Darkon,,,
,2006,Deep Water,,,
,2006,Bring It On: All or Nothing,,,
,2005,A History of Violence,,,
,2005,Aeon Flux,,,
,2005,Assault on Precinct 13,,,
,2005,Batman Begins,,,
,2005,Be Cool,,,
,2005,Because of Winn Dixie,,,
,2005,Boogeyman,,,
,2005,Brick,,,
,2005,Brokeback Mountain,,,
,2005,Casanova,,,
,2005,Charlie and the Chocolate Factory,,,
,2005,Cindarella Man,,,
,2005,Coach Carter,,,
,2005,Constantine,,,
,2005,Corpse Bride,,,
,2005,Dark Water,,,
,2005,Derailed,,,
,2005,Domino,,,
,2005,Down In the Valley,,,
,2005,Dracula 3,,,
,2005,Elektra,,,
,2005,Fantastic Four,,,
,2005,Fever Pitch,,,
,2005,Four Brothers,,,
,2005,Fun With Dick and Jane,,,
,2005,"Good Night, And Good Luck",,,
,2005,Guess Who?,,,
,2005,Harry Potter: The Goblet of Fire,,,
,2005,Hide and Seek,,,
,2005,Hitch,,,
,2005,Hoodwinked,,,
,2005,Hostage,,,
,2005,Hostel,,,
,2005,Into the Blue,,,
,2005,Jarhead,,,
,2005,Just Friends,,,
,2005,Just Like Heaven,,,
,2005,Kicking and Screaming,,,
,2005,King Kong,,,
,2005,Kingdom of Heaven,Ridley Scott,,
,2005,Lord of War,,,
,2005,Madagascar,,,
,2005,Me and You and Everyone We Know,,,
,2005,Mr. And Mrs. Smith,,,
,2005,Munich,,,
,2005,Prime,,,
,2005,Proof,,,
,2005,Red Eye,,,
,2005,Rent,,,
,2005,Robots,,,
,2005,Rumor Has It,,,
,2005,Sahara,,,
,2005,Saw II,,,
,2005,Serenity,,,
,2005,Sin City,,,
,2005,Sky High,,,
,2005,Star Trek: Nemesis,,,
,2005,Star Wars: Revenge of the Sith,,,
,2005,Stay,,,
,2005,The 40 year Old Virgin,,,
,2005,The Brothers Grimm,,,
,2005,The Cave,,,
,2005,"The Chronicles of Narnia: The Lion, The Witch, and The Wardrobe",,,
,2005,The Constant Gardener,,,
,2005,The Exorcism of Emily Rose,,,
,2005,The Great Raid,,,
,2005,The Greatest Game Ever Played,,,
,2005,The Ice Harvest,,,
,2005,The Island,,,
,2005,The Jacket,,,
,2005,The Longest Yard,,,
,2005,The Man,,,
,2005,The Pacifier,,,
,2005,The Ring Two,,,
,2005,The Transporter 2,,,
,2005,Thumbsucker,,,
,2005,Tornado Intercept,,,
,2005,Two for the Money,,,
,2005,Unleashed,,,
,2005,Waiting…,,,
,2005,Walk The Line,,,
,2005,War of the Worlds,Steven Speilberg,,
,2005,Wedding Crashers,,,
,2005,White Noise,,,
,2005,Willy Wonka and the Chocolate Factory,,,
,2005,Wolf Creek,,,
,2005,Tsotsi,,,
,2005,Deuce Bigalow: European Gigolo,,,
,2005,Clerks II,,,
,2005,The Proposition,,,
,2005,The Ballad of Jack and Rose,,,
,2005,The King,,,
,2005,Capote,Bennett Miller,,
,2005,North Country,Niki Caro,,
,2005,The Squid and the Whale,Noah Bombauch,,
,2005,Beowolf & Grendel,,,
,2005,This Is England,,,
,2005,The King of Kong,,,
,2005,Neverwas,,,
,2005,11:59,,,
,2005,Wal Mart: The High Cost of Low Price,Robert Greenwald,http://www.imdb.com/title/tt0473107/,
,2004,50 First Dates,,,
,2004,After The Sunset,,,
,2004,Alexander ,,,
,2004,Alien vs. Predator,,,
,2004,Anchorman: The Legend of Ron Burgundy,,,
,2004,Blade: Trinity,,,
,2004,Blue Collar Comedy Tour Rides Again,,,
,2004,Closer,,,
,2004,Collateral,,,
,2004,Crash,,,
,2004,Dawn of The Dead,,,
,2004,DodgeBall: A True Underdog Story,,,
,2004,Eternal Sunshine of the Spotless Mind,,,
,2004,Eurotrip,,,
,2004,Exorcist: The Beginning,,,
,2004,Farenheit 9/11,,,
,2004,Finding Neverland,,,
,2004,Flight of the Phoenix,,,
,2004,Friday Night Lights,,,
,2004,Garden State,,,
,2004,Godsend,,,
,2004,Harold And Kumar go to White Castle,,,
,2004,Harry Potter: The Prisoner of Azkaban,,,
,2004,Hellboy,,,
,2004,Hotel Rwanda,,,
,2004,House of Flying Daggers,,,
,2004,I Robot,,,
,2004,Kill Bill Vol. 2,,,
,2004,King Arthur,,,
,2004,Ladder 49,,,
,2004,Layer Cake,,,
,2004,Man on Fire,,,
,2004,Mean Girls,,,
,2004,Meet the Fockers,,,
,2004,Million Dollar Baby,,,
,2004,Mind Hunters,,,
,2004,Miracle,,,
,2004,Napoleon Dynamite,,,
,2004,National Treasure,,,
,2004,Oceans Twelve,,,
,2004,Phantom of the Opera,,,
,2004,Ray,,,
,2004,Renegade,,,
,2004,Resident Evil: Apocolypse,,,
,2004,Ron White: They Call Me Tater Salad,,,
,2004,Saw,,,
,2004,Secret Window,,,
,2004,Seed of Chucky,,,
,2004,Shaun of The Dead,,,
,2004,Shrek 2,,,
,2004,Sideways,,,
,2004,Sky Captain and the World of Tomorrow,,,
,2004,Spartan,,,
,2004,Spiderman 2,,,
,2004,Starsky and Hutch,,,
,2004,Supersize Me,,,
,2004,Taking Lives,,,
,2004,The Alamo,,,
,2004,The Aviator,,,
,2004,The Bourne Supremacy,,,
,2004,The Chronicles of Riddick,,,
,2004,The Day After Tomorrow,,,
,2004,The Girl Next Door,,,
,2004,The Grudge,,,
,2004,The Incredibles,,,
,2004,The Lady Killers,,,
,2004,The Libertine,,,
,2004,The Life Aquatic with Steve Zizzou,,,
,2004,The Machinist,,,
,2004,The Manchurian Candidate,,,
,2004,The Motorcycle Diaries,,,
,2004,The Notebook,,,
,2004,The Passion of The Christ,,,
,2004,The Perfect Score,,,
,2004,The Polar Express,,,
,2004,The Predator,,,
,2004,The Punisher,,,
,2004,The Terminal,,,
,2004,The Village,,,
,2004,Troy,,,
,2004,Van Helsing,,,
,2004,Walking Tall,,,
,2004,White Chicks,,,
,2004,Wild Things 2,,,
,2004,Wimbledon,,,
,2004,Without a Paddle,,,
,2004,Spanglish,,,
,2004,Primer,,,
,2004,Dandelion,,,
,2004,I Heart Huckabees,,,
,2004,What the Bleep Do We Know?,,,
,2004,My Summer of Love,,,
,2003,2 Fast 2 Furious,,,
,2003,A Man Apart,,,
,2003,American Wedding,,,
,2003,As Good As it Gets,,,
,2003,Beyond Borders,,,
,2003,Big Fish,,,
,2003,Blue Collar Comedy Tour ,,,
,2003,Bringing Down the House,,,
,2003,Bruce Almighty,,,
,2003,Bulletproof Monk,,,
,2003,Cheaper By the Dozen,,,
,2003,Christmas Vacation 2: Cousin Eddie's Island Adventure,,,
,2003,Cold Creek Manor,,,
,2003,Cold Mountain,,,
,2003,Daredevil,,,
,2003,Devil's Pond,,,
,2003,Dogville,,,
,2003,Dreamcatcher,,,
,2003,Elf,,,
,2003,Finding Nemo,,,
,2003,Gods and Generals,,,
,2003,Gothika,,,
,2003,Holes,,,
,2003,How To Lose a Guy in 10 Days,,,
,2003,Hulk,,,
,2003,Identity,,,
,2003,Imperium: Augustus,,,
,2003,Kill Bill Vol. 1,,,
,2003,Lara Croft Tomb Raider: The Cradle of Life,,,
,2003,Le Divorce,,,
,2003,Lord of the Rings: The Return of the King,,,
,2003,Lost in Translation,,,
,2003,Master and Commander: The Far Side of the World,,,
,2003,Matchstick Men,,,
,2003,Meredith Wilson's The Music Man,,,
,2003,Mona Lisa Smile,,,
,2003,Monster,,,
,2003,Mystic River,,,
,2003,Old School,,,
,2003,Oldboy,,,
,2003,Once Upon a Time in Mexico,,,
,2003,Ong Bak: The Thai Warrior,,,
,2003,Open Range,,,
,2003,Open Water,,,
,2003,Pauly Shore is Dead,,,
,2003,Peter Pan,,,
,2003,Pirates of the Caribean: Curse of the Black Pearl,,,
,2003,Radio,,,
,2003,Runaway Jury,,,
,2003,S.W.A.T.,,,
,2003,School of Rock,,,
,2003,Seabiscuit,,,
,2003,Secondhand Lions,,,
,2003,Shanghai Nights,,,
,2003,Tears of The Sun,,,
,2003,Texas Chainsaw Massacre,,,
,2003,The Cat in the Hat,,,
,2003,The Core,,,
,2003,The Haunted Mansion,,,
,2003,The Hunted,,,
,2003,The Italian Job,,,
,2003,The Last Samurai,,,
,2003,The League of Extraordinary Gentlemen,,,
,2003,The Matrix Revolutions,,,
,2003,The Matrix: Reloaded,,,
,2003,The Recruit,,,
,2003,Timeline,,,
,2003,Underworld,,,
,2003,View From the Top,,,
,2003,Saints and Soldiers,,,
,2003,Just Married,,,
,2003,The Missing,,,
,2003,The Order,Brian Helgeland,,
,2003,House of 1000 Corpses,Rob Zombie,,
,2003,Duplex,Dany DeVito,,
,2003,The Reckoning,,,
,2003,The Snow Walker,,,
,2003,April's Shower,,,
,2003,11:14,,,
,2003,The Life of David Gale,,,
,2003,Paycheck,,,
,2003,Touching the Void,,,
,2003,The Land Before Time X: The Great Longneck Migration,Charles Grosvenor,http://www.imdb.com/title/tt0378230/,
,2003,21 Grams,Alejandro González Iñárritu,http://www.imdb.com/title/tt0315733/,
,2003,Biker Boyz,,,
,2002,28 Days Later,,,
,2002,40 Days and 40 Nights,,,
,2002,8 Mile,,,
,2002,A Walk to Remember,,,
,2002,Antwone Fisher,,,
,2002,Austin Powers in Goldmember,,,
,2002,Catch Me if You Can,,,
,2002,Chicago,,,
,2002,Collateral Damage,,,
,2002,Crossroads,,,
,2002,David Blaine: Fearless,,,
,2002,Death To Smoochy,,,
,2002,Drumline,,,
,2002,Equilibrium,,,
,2002,Extreme Days,,,
,2002,Gangs of New York,,,
,2002,Ghost Ship,,,
,2002,Harry Potter: The Chamber of Secrets,,,
,2002,Hart's War,,,
,2002,Hero (Ying Xiong),,,
,2002,Ice Age,,,
,2002,Insomnia,,,
,2002,James Bond: Die Another Day,,,
,2002,John Q,,,
,2002,K-19 The Widowmaker,,,
,2002,King of Texas,,,
,2002,Kung Pow: Enter the Fist,,,
,2002,Lilo and Stitch,,,
,2002,Lord of the Rings: The Two Towers,,,
,2002,Men in Black 2,,,
,2002,Minority Report,,,
,2002,My Big Fat Greek Wedding,,,
,2002,One Hour Photo,,,
,2002,Panic Room,,,
,2002,Pinocchio,,,
,2002,Red Dragon,,,
,2002,Reign of Fire,,,
,2002,Resident Evil,,,
,2002,Road to Perdition,,,
,2002,Rollerball,,,
,2002,Signs,,,
,2002,Spiderman,,,
,2002,Star Wars: Attack of the Clones,,,
,2002,The Banger Sisters,,,
,2002,The Bourne Identity,,,
,2002,The Count of Monte Cristo,,,
,2002,The Four Feathers,,,
,2002,The Game,,,
,2002,The Importance of Being Earnest,,,
,2002,The New Guy,,,
,2002,The Pianist,,,
,2002,The Ring,,,
,2002,The Rookie,,,
,2002,The Scorpion King,,,
,2002,The Sum of All Fears,,,
,2002,The Time Machine,,,
,2002,The Transporter,,,
,2002,The Tuxedo,,,
,2002,Van Wilder,,,
,2002,Veggie Tales: Jonah,,,
,2002,We Were Soldiers,,,
,2002,Whale Rider,,,
,2002,Windtalkers,,,
,2002,X-Men 2,,,
,2002,xXx,,,
,2002,The Master of Disguise,,,
,2002,Mr. Deeds,,,
,2002,Orange County,,,
,2002,Murder By Numbers,Barbet Schroeder,,
,2002,City by the Sea,Michael Caton-Jones,,
,2002,Gerry,Gus Van Sant,,
,2002,Phonebooth,Joel Schumacher,,
,2002,Below,David Twohy,,
,2002,Trapped,Luis Mandoki,,
,2002,Interstate 60: Episodes of the Road,,,
,2002,City of God,,,
,2002,The Hot Chick,,,
,2002,Punch-Drunk Love,,,
,2001,A Beautiful Mind,,,
,2001,A Knight's Tale,,,
,2001,Ali,,,
,2001,Amelie,,,
,2001,American Pie 2,,,
,2001,Atlantis: The Lost Empire,,,
,2001,Bandits,,,
,2001,Behind Enemy Lines,,,
,2001,Black Hawk Down,,,
,2001,Blow,,,
,2001,Cats & Dogs,,,
,2001,Crossfire Trail,,,
,2001,Doctor Dolittle 2,,,
,2001,Donnie Darko,,,
,2001,Driven,,,
,2001,Enemy at the Gates,,,
,2001,Evolution,,,
,2001,Ghost World,,,
,2001,Halloween Resurrection,,,
,2001,Hannibal ,,,
,2001,Hardball,,,
,2001,Harry Potter: The Sorcerors Stone,,,
,2001,Jay and Silent Bob Strike Back,,,
,2001,Joe Dirt,,,
,2001,Joe Somebody,,,
,2001,Jurassic Park 3,,,
,2001,K-PAX,,,
,2001,Legally Blonde,,,
,2001,Lord of the Rings: The Fellowship of the Ring,,,
,2001,Monster's Ball,,,
,2001,"Monsters, Inc.",,,
,2001,Oceans Eleven,,,
,2001,On Golden Pond,,,
,2001,Out Cold,,,
,2001,Pearl Harbor,,,
,2001,Planet of the Apes,,,
,2001,Rat Race,,,
,2001,Rush Hour 2,,,
,2001,Save the Last Dance,,,
,2001,Saving Silverman,,,
,2001,Scary Movie 2,,,
,2001,Serendipity,,,
,2001,Shrek,,,
,2001,Spy Game,,,
,2001,Super Troopers,,,
,2001,Swordfish,,,
,2001,The Animal,,,
,2001,The Fast and the Furious,,,
,2001,The Majestic,,,
,2001,The Mummy Returns,,,
,2001,The Musketeer,,,
,2001,The Others,,,
,2001,The Princess Diaries,,,
,2001,Tigerland,,,
,2001,Time Out,,,
,2001,Training Day,,,
,2001,We Three Kings,,,
,2001,Zoolander,,,
,2001,Lost and Delirious,,,
,2001,Brotherhood of the Wolves,,,
,2001,Red Planet,,,
,2001,To End All Wars,David Cunningham,,
,2001,The Royal Tenenbaums,,,
,2001,Kate & Leopold,,,
,2001,Treading Water,,,
,2001,Hearts in Atlantis,,,
,2001,Hell House,,,
,2001,As Far As My Feet Will Carry Me,,,
,2001,I Am Sam,,,
,2001,The Pledge,,,
,2000,102 Dalmations,,,
,2000,American Psycho,,,
,2000,Bedazzled,,,
,2000,Beethoven's 3rd,,,
,2000,Bring It On,,,
,2000,Cast Away,,,
,2000,Charlie's Angels,,,
,2000,Chicken Run,,,
,2000,Crouching Tiger Hidden Dragon,,,
,2000,"Dude, Where's my Car?",,,
,2000,Erin Brokovich,,,
,2000,Finding Forrester ,,,
,2000,Gladiator,,,
,2000,Gone in 60 Seconds,,,
,2000,High Fidelity,,,
,2000,Highlander: End Game,,,
,2000,How the Grinch Stole Christmas,,,
,2000,In The Weeds,,,
,2000,Left Behind,,,
,2000,Little Nicky,,,
,2000,Lost Innocence,,,
,2000,"Me, Myself, and Irene",,,
,2000,Meet The Parents,,,
,2000,Memento,,,
,2000,Miss Congeniality,,,
,2000,Mission Impossible 2,,,
,2000,My Dog Skip,,,
,2000,Nutty Professor II: The Klumps,,,
,2000,O Brother Where Art Thou?,,,
,2000,Pitch Black,,,
,2000,Remember the Titans,,,
,2000,Requiem For a Dream,,,
,2000,Scary Movie,,,
,2000,Shanghai Noon,,,
,2000,Snatch,,,
,2000,Snow Day,,,
,2000,The Cell,,,
,2000,The Emperor's New Groove,,,
,2000,The Family Man,,,
,2000,The Kid,,,
,2000,The Legend of Bagger Vance,,,
,2000,The Patriot,,,
,2000,The Perfect Storm,,,
,2000,The Replacements,,,
,2000,The Road to Eldorado,,,
,2000,The Way of the Gun,,,
,2000,Traffic,,,
,2000,U- 571,,,
,2000,Unbreakable,,,
,2000,Vertical Limit,,,
,2000,What Lies Beneath,,,
,2000,What Women Want,,,
,2000,Where the Heart Is,,,
,2000,Where the Red Fern Grows,,,
,2000,X-Men,,,
,2000,Carnivore,,,
,2000,The Whole Nine Yards,,,
,2000,The Beach,,,
,2000,Mission to Mars,,,
,2000,13 Days,Roger Donaldson,,
,2000,The Man Who Cried,,,
,2000,Romeo Must Die,,,
,2000,Under Suspicion,,,
,2000,Gun Shy,Eric Blakeney,http://www.imdb.com/title/tt0171356/,
,2000,Men of Honor,George Tillman Jr.,http://www.imdb.com/title/tt0203019/,
,2000,Quills,,,
,1999,A Gift of Love: The Daniel Huffman Story,,,
,1999,A Midsummer Night's Dream,,,
,1999,American Beauty,,,
,1999,American Pie,,,
,1999,Analyze This,,,
,1999,Anywhere But Here,,,
,1999,Austin Powers: the Spy who Shagged me,,,
,1999,Bicentennial Man,,,
,1999,Big Daddy,,,
,1999,Cruel Intentions,,,
,1999,Deep Blue Sea,,,
,1999,Eye of the Beholder,,,
,1999,Eyes Wide Shut,,,
,1999,Fantasia 2000,,,
,1999,Fight Club,,,
,1999,For Love of the Game,,,
,1999,Galaxy Quest,,,
,1999,James Bond: The World is Not Enough,,,
,1999,Lake Placid,,,
,1999,October Sky,,,
,1999,Office Space,,,
,1999,Pirates of Silicon Valley,,,
,1999,Random Hearts,,,
,1999,Runaway Bride,,,
,1999,Runaway Bride,,,
,1999,Sleepy Hollow,,,
,1999,Star Wars: The Phantom Menace,,,
,1999,Superstar,,,
,1999,Tarzan ,,,
,1999,The 13th Warrior,,,
,1999,The Astronaut's Wife,,,
,1999,The Blair Witch Project,,,
,1999,The Boondock Saints,,,
,1999,The Generals Daughter,,,
,1999,The Green Mile,,,
,1999,The Insider,,,
,1999,The Iron Giant,,,
,1999,The Legend of 1900,,,
,1999,The Matrix,,,
,1999,The Messenger: The Story of Joan of Arc,,,
,1999,The Mummy,,,
,1999,The Ninth Gate,,,
,1999,The Sex Monster,,,
,1999,The Sixth Sense,,,
,1999,The Thomas Crown Affair,,,
,1999,Toy Soldiers,,,
,1999,Toy Story 2,,,
,1999,Wild Wild West,,,
,1999,At First Sight,,,
,1999,Man on the Moon,,,
,1999,Dogma,,,
,1999,Ghost Dog,,,
,1999,At First Sight,,,
,1999,Arlington Road,Mark Pellington,,
,1999,Ravenous,Antonia Bird,,
,1999,Mystery Men,Kinka Usher,,
,1999,Instinct,,,
,1999,But I'm a Cheerleader,,,
,1999,Boys Don't Cry,,,
,1999,Being John Malkovich,,,
,1999,Aimee and Jaguar,Max Färberböck,http://www.imdb.com/title/tt0130444/,
,1998,A Bugs Life,,,
,1998,A Perfect Murder,,,
,1998,All Revved Up,,,
,1998,American History X ,,,
,1998,Armageddon,,,
,1998,Babe: Pig in the City,,,
,1998,Blade,,,
,1998,Doctor Dolittle,,,
,1998,Eee Tow!,,,
,1998,Elizabeth,,,
,1998,Enemy of the State,,,
,1998,Ever After,,,
,1998,Gattaca,,,
,1998,Gia,,,
,1998,Gods and Monsters,,,
,1998,Godzilla,,,
,1998,Half Baked,,,
,1998,Hope Floats,,,
,1998,In the Footsteps of Alexander the Great,,,
,1998,Jack Frost,,,
,1998,Les Miserables,,,
,1998,Lethal Weapon 4,,,
,1998,Lost in Space,,,
,1998,Meet Joe Black,,,
,1998,Mighty Joe Young,,,
,1998,Mulan,,,
,1998,Parent Trap,,,
,1998,Patch Adams,,,
,1998,Pleasantville,,,
,1998,Practical Magic,,,
,1998,Ronin,,,
,1998,Rounders,,,
,1998,Rush Hour,,,
,1998,Saving Private Ryan,,,
,1998,Senseless,,,
,1998,Simon Birch,,,
,1998,Soldier,,,
,1998,Star Trek: Insurrection,,,
,1998,The Faculty,,,
,1998,The Magnificent 7,,,
,1998,The Mask of Zorro,,,
,1998,The Negotiator,,,
,1998,The Odd Couple II,,,
,1998,The Prince of Egypt,,,
,1998,The Thin Red Line,Terrance Malick,Rewatched randomly at home. Maybe best war movie ever. ,6.18.25
,1998,The Truman Show,,,
,1998,The Waterboy,,,
,1998,There's Something About Mary,,,
,1998,Thunder Strike (Russian),,,
,1998,Waking Ned Devine,,,
,1998,What Dreams May Come,,,
,1998,Wild Things,,,
,1998,You've Got Mail,,,
,1998,Baseketball,,,
,1998,Dark City,,,
,1998,Sphere,Berry Levinson,,
,1998,Phantoms,Joe Chapelle,,
,1998,The Big Labowski,Coen Bros,,
,1998,Following,,,
,1998,Quest For Camelot,,,
,1998,Mercury Rising,Harold Becker,http://www.imdb.com/title/tt0120749/,
,1998,High Art,,,
,1998,Everest: 50 Years on the Mountain,,,
,1997,Addicted to Love,,,
,1997,Air Force One,,,
,1997,Amistad,,,
,1997,Anaconda,,,
,1997,Anastasia,,,
,1997,Austin Powers: International Man of Mystery,,,
,1997,Batman and Robin,,,
,1997,Con Air,,,
,1997,Dante's Peak,,,
,1997,Face/Off,,,
,1997,Flubber,,,
,1997,Fools Rush In,,,
,1997,For Richer or Poorer,,,
,1997,Free Willy 3: The Rescue,,,
,1997,G.I. Jane,,,
,1997,George of the Jungle,,,
,1997,Good Will Hunting,,,
,1997,Hercules,,,
,1997,Home Alone 3,,,
,1997,Jackie Brown,,,
,1997,James Bond: Tomorrow Never Dies,,,
,1997,Jungle 2 Jungle,,,
,1997,Jurassic Park 2: The Lost World,,,
,1997,Liar Liar,,,
,1997,Men in Black,,,
,1997,Metro,,,
,1997,Mortal Kombat: Annihilation,,,
,1997,Mousehunt,,,
,1997,Mr. Magoo,,,
,1997,Prefontaine,,,
,1997,Selena,,,
,1997,Seven Years in Tibet,,,
,1997,Starship Troopers,,,
,1997,Steven Kings The Shining,,,
,1997,The Call of the Wild: Dog of the Yukon,,,
,1997,The Devil's Own,,,
,1997,The Edge,,,
,1997,The Fifth Element,,,
,1997,The Jackal,,,
,1997,The Odyssey,,,
,1997,The Postman,,,
,1997,The Rain Maker,,,
,1997,The Saint,,,
,1997,Titanic,,,
,1997,Wild America,,,
,1997,Contact,Robert Zemekis,,
,1997,Gummo,Harmony Korine,,
,1997,Donnie Brasco,,,
,1996,101 Dalmations  ,,,
,1996,Aladdin 3: The King of Thieves,,,
,1996,Alaska,,,
,1996,Bio-dome,,,
,1996,Black Sheep,,,
,1996,Bound,,,
,1996,Broken Arrow,John Woo,,
,1996,Bulletproof,,,
,1996,Chain Reaction,,,
,1996,Coyote Summer,,,
,1996,Eraser,,,
,1996,Escape From L.A.,,,
,1996,Fargo,,,
,1996,Foxfire,,,
,1996,Happy Gilmore,,,
,1996,Harriet the Spy,,,
,1996,Homeward Bound 2: Lost in San Francisco,,,
,1996,Independence Day,,,
,1996,Jack,,,
,1996,Mars Attacks!,,,
,1996,Matilda,,,
,1996,Mission Impossible,,,
,1996,Muppet Treasure Island,,,
,1996,Phenomenon,,,
,1996,Romeo + Juliet,,,
,1996,Sgt. Bilko,,,
,1996,Shiloh,,,
,1996,Sleepers,,,
,1996,Space Jam,,,
,1996,Spy Hard,,,
,1996,Star Trek: First Contact,,,
,1996,That Thing You Do,,,
,1996,The Cable Guy,,,
,1996,The Crow: City of Angels,,,
,1996,The Crucible,,,
,1996,The English Patient,,,
,1996,The Ghost and the Darkness,,,
,1996,The Huntchback of Notre Dame,,,
,1996,The Nutty Professor,,,
,1996,The Rock,,,
,1996,The Truth About Cats & Dogs,,,
,1996,Twister,,,
,1996,She,,,
,1996,White Squall,,,
,1996,Jerry Maguire,,,
,1996,Sling Blade,Billy Bob Thornton,http://www.imdb.com/title/tt0117666/,
,1995,A Goofy Movie,,,
,1995,Ace Ventura: When Nature Calls,,,
,1995,Apollo 13,,,
,1995,Babe,,,
,1995,Batman Forever,,,
,1995,Behind the Waterfall,,,
,1995,Billy Madison,,,
,1995,Braveheart,,,
,1995,Casper,,,
,1995,Clueless,,,
,1995,Cold Comfort Farm,,,
,1995,Congo,,,
,1995,Dangerous Minds,,,
,1995,Death of a Salesman,,,
,1995,Deep Rising,,,
,1995,Desperado,,,
,1995,Die Hard: With a Vengeance,,,
,1995,Don Juan DeMarco,,,
,1995,Far From Home: The Adventures of Yellow Dog,,,
,1995,Free Willy 2: The Adventure Home,,,
,1995,From the Mixed-Up Files of Mrs. Basil E. Frankweiler,,,
,1995,Get Shorty,,,
,1995,Grumpier Old Men,,,
,1995,Heat,,,
,1995,Heavyweights ,,,
,1995,James Bond: Goldeneye,,,
,1995,Jumanji,,,
,1995,Just Like Dad,,,
,1995,Major Payne,,,
,1995,Man of the House,,,
,1995,Mr. Holland's Opus,,,
,1995,Picture Perfect,,,
,1995,Pocahontas,,,
,1995,Power Rangers: The Movie,,,
,1995,Rob Roy,,,
,1995,Se7en,,,
,1995,Tall Tale,,,
,1995,The Amazing Panda Adventure,,,
,1995,The Big Green,,,
,1995,The Brady Bunch Movie,,,
,1995,The Indian in the Cupboard,,,
,1995,The Land Before Time III: The Time of the Great Giving,,,
,1995,The Net,,,
,1995,Tommy Boy,,,
,1995,Toy Story,,,
,1995,Water World,,,
,1995,White Wolves 2,,,
,1995,Outbreak,,,
,1995,Dead Man Walking,Tim Robbins,,
,1995,The Quick And The Dead,,,
,1995,Nick of Time,,,
,1995,The Usual Suspects,,,
,1994,3 Ninjas Kick Back,,,
,1994,8 Seconds,,,
,1994,A Chinese Odyssey ,,,
,1994,A Pure Formality,,,
,1994,Ace Ventura: Pet Detective,,,
,1994,Aladdin 2: The Return of Jafar,,,
,1994,Angels in the Outfield,,,
,1994,Baby's Day Out,,,
,1994,Black Beauty,,,
,1994,Blank Check,,,
,1994,Clear and Present Danger,,,
,1994,D2: The Mighty Ducks,,,
,1994,Dumb and Dumber,,,
,1994,Fists of Legend,,,
,1994,Forrest Gump,,,
,1994,Getting Even with Dad,,,
,1994,Guarding Tess,,,
,1994,Highlander: The Scorceror,,,
,1994,In The Army Now,,,
,1994,Interview With a Vampire,,,
,1994,Junior,,,
,1994,Little Giants,,,
,1994,Little Women,,,
,1994,Maverick,,,
,1994,Miracle on 31st Street,,,
,1994,My Girl 2,,,
,1994,Pulp Fiction,,,
,1994,Richie Rich,,,
,1994,Speed,,,
,1994,Star Trek: Generations,,,
,1994,Stargate,Roland Emmerich,,
,1994,The Big Love (Russian),,,
,1994,The Client,Joel Schumacher,,
,1994,The Crow,Alex Proyas,,
,1994,The Flintstones,Brian Levant,,
,1994,The Hudsucker Proxy,Ethan and Joel Cohen,,
,1994,The Jungle Book ,Stephen Sommers,,
,1994,The Land Before Time II: The Great Valley Adventure,Roy Allen Smith,,
,1994,The Lion King,Roger Allers & Rob Minkoff,,
,1994,The Little Rascals,Penelope Spheeris,,
,1994,The Mask,Chuck Russel,,
,1994,The Naked Gun 33 1/3: The Final Insult,Peter Segal,,
,1994,The Pagemaster,Pixote Hunt & Joe Johnston,,
,1994,The Professional,Luc Besson,,
,1994,The Santa Clause,John Pasquin,,
,1994,The Secret of Roan Inish,John Sayles,,
,1994,The Shawshank Redemption,Frank Darabont,,
,1994,True Lies,James Cameron,,
,1994,With Honors,,,
,1994,Wyatt Earp,,,
,1994,Clerks,,,
,1994,Surviving the Game,Ernest Dickerson,,
,1994,The Swan Princess,,,
,1994,Some Folks Call it a Sling Blade,George Hickenlooper,http://www.imdb.com/title/tt0108181/,
,1993,A Far Off Place,,,
,1993,Amos and Andrew,,,
,1993,Beethoven's 2nd,,,
,1993,Benny & Joon,,,
,1993,Cliff Hanger,,,
,1993,Coneheads,,,
,1993,Dennis the Menace,,,
,1993,Free Willy,,,
,1993,Gettysburg,,,
,1993,Groundhog Day,,,
,1993,Grumpy Old Men,,,
,1993,Homeward Bound: The Incredible Journey,,,
,1993,Jurassic Park,,,
,1993,Last Action Hero,,,
,1993,Loaded Weapon 1,,,
,1993,Mrs. Doubtfire,,,
,1993,Riggoletto,,,
,1993,Robin Hood: Men in Tights,,,
,1993,Rookie of the Year,,,
,1993,Rudy,,,
,1993,Shindler's List,,,
,1993,Sister Act 2,,,
,1993,Sleepless in Seatle,,,
,1993,Surf Ninjas,,,
,1993,Teenage Mutant Ninja Turtles III,,,
,1993,The Beverly Hillbillies,,,
,1993,The Firm,,,
,1993,The Fugitive,,,
,1993,The Good Son,,,
,1993,The Goodbye Bird,,,
,1993,The Man Without a Face,,,
,1993,The Nutcracker,,,
,1993,The Pelican Brief,,,
,1993,The Sandlot,,,
,1993,The Surf Ninjas,,,
,1993,The Three Musketeers,,,
,1993,Tombstone,,,
,1993,Waynes World 2,,,
,1993,What's Eating Gilbert Grape?,,,
,1993,White Wolves,,,
,1993,Indecent Proposal,,,
,1993,Cronos,,,
,1993,Fire in the Sky,Robert Lieberman,,
,1993,Falling Down,Joel Schumacher,,
,1993,Carlito's Way,Brian De Palma,,
,1993,Searching For Bobby Fischer,,,
,1992,3 Ninjas,,,
,1992,A Few Good Men,,,
,1992,A League of Their Own,,,
,1992,Aladdin,,,
,1992,Army of Darkness,,,
,1992,Batman Returns,,,
,1992,Beethoven,,,
,1992,Bram Stokers Dracula,,,
,1992,Far and Away,,,
,1992,FernGully: The Last Rainforest,,,
,1992,Final Analysis,,,
,1992,Forever Young,,,
,1992,Home Alone 2: Lost in New York,,,
,1992,"Honey, I Blew up the Kid",,,
,1992,Last of the Mohicans,,,
,1992,Lethal Weapon 3,,,
,1992,My Cousin Vinny,,,
,1992,Of Mice and Men,,,
,1992,Patriot Games,,,
,1992,Reservoir Dogs,,,
,1992,Scent of a Woman,,,
,1992,Sister Act,,,
,1992,The Bodyguard,,,
,1992,The Cutting Edge,,,
,1992,The Mighty Ducks,,,
,1992,The Muppet Christmas Carol,,,
,1992,The Power of One,,,
,1992,Universal Soldier,,,
,1992,Waynes World,,,
,1992,Wild Orchid 2: Two Shades of Blue,,,
,1992,A River Runs Though It,,,
,1992,Brothers Keeper,,,
,1992,The Distinguished Gentleman,,,
,1991,An American Tail: Fivel Goes West,,,
,1991,Beauty and the Beast,,,
,1991,City Slickers,,,
,1991,Highlander: The Quickening,,,
,1991,Hook,,,
,1991,Into the Woods,,,
,1991,My Girl,,,
,1991,Robin Hood: Prince of Thieves,,,
,1991,"Sarah, Plain and Tall",,,
,1991,Teenage Mutant Ninja Turtles II: Secret of the Ooze,,,
,1991,Terminator 2: Judgement Day,,,
,1991,The Adams Family,,,
,1991,The Black Crystal,,,
,1991,The Naked Gun 2 1/2: The Smell of Fear,,,
,1991,The Rocketeer,,,
,1991,The Silence of the Lambs,,,
,1991,What About Bob?,,,
,1991,White Fang,,,
,1991,Wild Hearts Can't Be Broken,,,
,1991,K2,,,
,1990,Arachnaphobia,,,
,1990,Back to the Future Part III,,,
,1990,Dances With Wolves,,,
,1990,Days of Thunder,,,
,1990,Die Hard 2: Die Harder,,,
,1990,Edward Scissorhands,,,
,1990,Ghost,,,
,1990,Hamlet,,,
,1990,Home Alone,,,
,1990,It,,,
,1990,Kindergarten Cop,,,
,1990,Memphis Belle,,,
,1990,Mr. Bean,,,
,1990,Predator 2,,,
,1990,Pretty Woman,,,
,1990,Quigley Down Under,,,
,1990,Rocky V,,,
,1990,Teenage Mutant Ninja Turtles ,,,
,1990,The Girl of the Limberlost,,,
,1990,The Hunt For Red October,,,
,1990,The Neverending Story 2,,,
,1990,The Rescuers Down Under,,,
,1990,Wild at Heart,,,
,1990,Wild Orchid,,,
,1989,All Dogs go to Heaven,,,
,1989,Back to The Future Part II,,,
,1989,Batman,,,
,1989,Caddie Woodlawn,,,
,1989,Christmas Vacation  ,,,
,1989,Dead Poets Society,,,
,1989,Field of Dreams,,,
,1989,Ghostbusters II,,,
,1989,"Honey, I shrunk the Kids",,,
,1989,Indiana Jones: The Last Crusade,,,
,1989,James Bond: License to Kill,,,
,1989,Lethal Weapon 2,,,
,1989,Lonesome Dove,,,
,1989,Steel Magnolias,,,
,1989,The Dream Team,,,
,1989,The Little Mermaid,,,
,1989,The Abyss,,,
,1989,Casualties of War,Brian De Palma,,
,1989,Bill and Ted's Excellent Adventure,,,
,1988,Akira,,,
,1988,BeetleJuice,,,
,1988,Big,,,
,1988,Crocodile Dundee 2,,,
,1988,D.O.A.,,,
,1988,Die Hard,,,
,1988,Funny Farm,,,
,1988,High Frequency,,,
,1988,Oliver and Company,,,
,1988,Rain Man,,,
,1988,Rambo III,,,
,1988,The Land Before Time,,,
,1988,The Naked Gun: From the Files of Police Squad!,,,
,1988,Willow,,,
,1988,Young Guns,,,
,1988,Dirty Rotten Scoundrels,,,
,1988,The Land Before Time,Don Bluth,http://www.imdb.com/title/tt0095489/,
,1988,Crusoe,Caleb Deschanel,http://www.imdb.com/title/tt0094923/,
,1987,Dirty Dancing,,,
,1987,James Bond: Living Daylights,,,
,1987,Lethal Weapon ,,,
,1987,Masters of the Universe,,,
,1987,Over the Top,,,
,1987,Robocop,,,
,1987,The Brave Little Toaster,,,
,1987,The Chipmunk Adventure,,,
,1987,The Lost Boys,,,
,1987,The Princess Bride,,,
,1987,The Untouchables,,,
,1987,Three Men and a Baby,,,
,1987,Hellraiser,,,
,1987,Raising Arizona,,,
,1986,!Three Amigos!,,,
,1986,An American Tail,,,
,1986,Crocodile Dundee,,,
,1986,Ferris Bueller's Day Off,,,
,1986,Highlander,,,
,1986,Hoosiers,,,
,1986,Milo and Otis,,,
,1986,Platoon,,,
,1986,Short Circuit,,,
,1986,The Karate Kid 2,,,
,1986,The Mouse and the Motorcycle,,,
,1986,Top Gun,,,
,1986,The Mission,,,
,1985,Back to the Future Part I,,,
,1985,Commando,,,
,1985,European Vacation,,,
,1985,In Search of The Trojan War,,,
,1985,James Bond: A View To A Kill,,,
,1985,Ladyhawke,,,
,1985,Mad Max Beyond Thunderdome,,,
,1985,Rambo: First Blood Part II,,,
,1985,Rocky IV,,,
,1985,The Black Cauldron,,,
,1985,The Breakfast Club,,,
,1985,The Goonies,,,
,1985,Desert Hearts,Donna Deitch,http://www.imdb.com/title/tt0089015/,
,1984,A Christmas Carol,,,
,1984,Amadeus,,,
,1984,Carmen,,,
,1984,Children of the Corn,,,
,1984,Ghost Busters,,,
,1984,Gremlins,,,
,1984,Iceman,,,
,1984,Indiana Jones: Temple of Doom,,,
,1984,Red Dawn,,,
,1984,Sixteen Candles,,,
,1984,The Karate Kid,,,
,1984,The Neverending Story,,,
,1984,The Terminator,,,
,1984,"Paris, Texas",,,
,1984,Romancing the Stone,,,
,1983,A Christmas Story,,,
,1983,James Bond: Octopussy,,,
,1983,Never Say Never Again,,,
,1983,Out Of Africa,,,
,1983,Star Wars: Return of the Jedi,,,
,1983,The Pirates of Penzance,,,
,1983,Vacation ,,,
,1983,Running Brave,,,
,1983,The Outsiders,,,
,1982,Airplane II: The Sequel,,,
,1982,Conan the Barbarian,,,
,1982,E.T.,,,
,1982,Rambo: First Blood,,,
,1982,Rocky III,,,
,1982,Star Trek II: The Wrath of Khan,,,
,1982,The Secret of NIMH,,,
,1982,Blade Runner,,,
,1981,East of Eden,,,
,1981,Halloween 2,,,
,1981,Indiana Jones: Raiders of the Lost Ark,,,
,1981,James Bond: For Your Eyes Only,,,
,1981,The Fox and the Hound,,,
,1981,Chariots of Fire,,,
,1980,Caddyshack,,,
,1980,Friday the 13th,,,
,1980,Ordinary People,,,
,1980,Star Wars: The Empire Strikes Back,,,
,1980,The Shining,,,
,1979,Alien,,,
,1979,James Bond: Moonraker,,,
,1979,Mad Max,,,
,1979,Rocky II,,,
,1979,The Jerk,,,
,1979,Apocalypse Now,,,
,1978,Animal House,,,
,1978,Grease,,,
,1978,Halloween,,,
,1978,Revenge of the Pink Panther,,,
,1978,Superman,,,
,1978,Goin' South,,,
,1977,Close Encounters of the Third Kind,,,
,1977,James Bond: The Spy Who Loved Me,,,
,1977,Pete's Dragon,,,
,1977,Smokey and the Bandit,,,
,1977,Star Wars: A New Hope,,,
,1976,All The President's Men,,,
,1976,Rocky,,,
,1976,The Omen (1976),,,
,1975,Jaws,,,
,1975,Master of the Flying Guillotine,,,
,1975,Monty Python and the Holy Grail,,,
,1975,One Flew over the Cukoos Nest,,,
,1975,Return of the Pink Panther,,,
,1975,The Rocky Horror Picture Show,,,
,1974,James Bond: The Man with the Golden Gun,,,
,1974,The Dove,,,
,1973,James Bond: Live and Let Die,,,
,1973,Robin Hood (disney),,,
,1973,The Exorcist,,,
,1973,The Sting,,,
,1972,1776 The Musical,,,
,1972,Jeremiah Johnson,,,
,1972,Deliverance,John Boorman,,
,1972,The Godfather,,,6.28.25
,1971,A Clockwork Orange,Stanley Kubrick,,
,1971,James Bond: Diamonds Are Forever,Guy Hamilton,,
,1971,Dirty Harry,,,
,1971,The Trojan Women,,,
,1970,The Aristocats,Wolfgang Reitherman,,
,1969,James Bond: On her Majesty's Secret Service,Peter R. Hunt,,
,1969,My Side of the Mountain,James B. Clark,,
,1969,Butch Cassidy and the Sundance Kid,,,
,1968,Chitty Chitty Bang Bang,Ken Hughes,,
,1968,Romeo and Juliet,Franco Zeffirelli,,
,1968,The Party,Blake Edwards,,
,1968,Rosemary's Baby,Roman Polanski,,
,1967,James Bond: You Only Live Twice,Lewis Gilbert,,
,1967,The Jungle Book (animated),Wolfgang Reitherman,,
,1966,How the Grinch Stole Christmas!,Chuck Jones & Ben Washam,,
,1966,"The Good, The Bad, and The Ugly",Sergio Leone,,
,1966,Manos: The Hands of Fate,Harold Warren,,
,1965,James Bond: Thunderball,Terence Young,,
,1965,The Sound of Music,Robert Wise,,
,1964,James Bond: Gold Finger,Guy Hamilton,,
,1964,Mary Poppins,Robert Stevenson,,
,1964,My Fair Lady,George Cukor,,
,1963,Flipper,James B. Clark,,
,1963,James Bond: From Russia With Love,Terence Young,,
,1963,The Birds,Alfred Hitchcock,,
,1962,James Bond: Dr. No,Terence Young,,
,1962,The Manchurian Candidate ,John Frankenheimer,,
,1962,The Music Man,Morton DaCosta,,
,1962,To Kill a Mockingbird,Robert Mulligan,,
,1962,Lawrence of Arabia,David Lean,,
,1961,101 Dalmations ,Clyde Geronimi & Hamilton Luske,,
,1961,West Side Story,Jerome Robbins & Robert Wise,,
,1960,The 3 Worlds of Gulliver,Jack Sher,,
,1959,Ben-Hur,William Wyler,,
,1959,Sleeping Beauty,Clyde Geronimi,,
,1958,South Pacific,Joshua Logan,,
,1957,Old Yeller,Robert Stevenson,,
,1956,The Great Locomotive Chase,Francis D. Lyon,,
,1956,The King and I,Walter Lang,,
,1956,The Ten Commandments,Cecil B. DeMille,,
,1956,The Red Balloon,,,
,1955,Lady and the Tramp,Clyde Geronimi & Wilfred Jackson,,
,1955,Oklahoma!,Fred Zinnemann,,
,1954,Seven Brides for Seven Brothers,Stanley Donen,,
,1954,White Christmas,Michael Curtiz,,
,1953,Peter Pan,Clyde Geronimi & Wilfred Jackson,,
,1951,A Streetcar Named Desire,Elia Kazan,,
,1951,Alice in Wonderland,Clyde Geronimi & Wilfred Jackson,,
,1950,Cinderella,Clyde Geronimi & Wilfred Jackson,,
,1948,Oliver Twist,David Lean,,
,1948,So Dear to My Heart,Harold D. Schuster & Hamilton Luske,,
,1946,It's a Wonderful Life,Frank Capra,,
,1946,Peter and the Wolf,Clyde Geronimi,,
,1944,Arsenic and Old Lace,Frank Capra,,
,1944,Meet Me in St. Louis,Vincente Minnelli,,
,1942,Bambi,David Hand,,
,1941,Dumbo,Ben Sharpsteen,,
,1940,Fantasia,James Algar & Samuel Armstrong,,
,1940,Pinocchio ,Hamilton Luske & Ben Sharpsteen,,
,1939,Gone with the Wind,Victor Fleming,,
,1939,The Wizard of Oz,Victor Fleming,,
,1938,Alexandr Nevskiy,Sergei M. Eisenstein & Dmitri Vasilyev,,
,1937,Snow White and The Seven Dwarves,David Hand,,
,1937,Day at the Races,Sam Wood,,
,1935,A Night at the Opera,Sam Wood,,
,1933,Duck Soup,Leo McCarey,,
,1930,Animal Crackers,Victor Heerman,,